pk,fam,bdg_misfit,censored,y_qbound,borderline,warm,outcome,qbound,final_rms,nit,p_ML,rms10,slope
104400,NbSe2-family,0,0,1,1,1,STALL,0.008,0.0079975,16,0.8681944444444444,0.0084974,-0.004465738765587666
104986,NbSe2-family,0,0,0,0,0,DIVERGE,0.008,0.45087,100,0.26840277777777777,0.45087,-3.1385931320961568e-18
105009,NbSe2-family,0,0,1,1,1,STALL,0.008,0.0079975,16,0.8731944444444444,0.0084974,-0.004465738765587666
104630,NbSe2-family,0,0,1,1,1,CONVERGED,1e-05,3.7126e-06,49,0.8925,0.0003091,-0.15590354084301697
104408,NbSe2-family,0,0,0,0,0,DIVERGE,0.008,0.39173,100,0.26090277777777776,0.39173,3.3596116780222813e-07
104381,NbSe2-family,0,0,0,0,0,STALL,0.008,0.02545,100,0.8041200396825395,0.039907,-0.0021741528663761253
104393,NbSe2-family,0,0,0,0,0,DIVERGE,0.008,0.45087,100,0.2834027777777777,0.45087,-3.1385931320961568e-18
104396,NbSe2-family,0,0,0,0,0,DIVERGE,0.008,1.2023,100,0.3475694444444445,1.2023,2.6142340984973536e-18
104417,NbSe2-family,0,0,1,1,1,CONVERGED,1e-05,7.6432e-06,75,0.81,0.0020687,-0.06744040226392779
105000,NbSe2-family,0,0,0,0,0,STALL,0.008,0.02545,100,0.7995367063492061,0.039907,-0.0021741528663761253
105229,Bi/NbBi,0,0,0,0,0,DIVERGE,0.008,0.24419,56,0.3725,0.3006,-0.1394311802278056
105605,NbSe2-family,0,0,0,0,0,DIVERGE,0.008,0.19941,20,0.8057927489177488,0.21217,-0.007857935023717916
105022,NbSe2-family,0,0,0,0,1,STALL,1e-05,0.0072326,100,0.7825,0.0018461,-0.07737200238036998
104752,NbSe2-family,0,0,0,0,0,DIVERGE,0.008,1.2023,100,0.3250694444444444,1.2023,-4.597150844862078e-06
104725,NbSe2-family,0,0,0,1,0,STALL,0.008,0.015378,100,0.4357886904761905,0.1534,-0.017095943265525323
103692,NbSe2-family,0,0,0,1,0,STALL,0.008,0.0092764,100,0.25469359806859804,0.14544,-0.019437606161026025
104722,NbSe2-family,0,0,0,0,0,STALL,0.008,0.042061,100,0.5491185897435897,0.17269,-0.011705085542385214
105044,NbSe2-family,0,0,0,0,0,DIVERGE,0.008,0.38736,100,0.61,0.11915,-0.028006430496991096
104880,NbSe2-family,0,0,0,0,0,DIVERGE,0.008,0.11511,100,0.7531379870129868,0.20052,-0.0046033078473429415
104728,NbSe2-family,0,0,0,1,0,STALL,0.008,0.0092764,100,0.25469359806859804,0.14544,-0.019437606161026025
104731,NbSe2-family,0,0,0,0,0,STALL,0.008,0.02545,100,0.4804761904761905,0.16234,-0.014552774255173618
104746,NbSe2-family,0,0,0,0,0,DIVERGE,0.008,0.39172,100,0.23340277777777774,0.39086,6.624108152126147e-05
104773,NbSe2-family,0,0,1,1,0,STALL,0.008,0.0079987,26,0.86625,0.011958,-0.010923849930372704
105028,NbSe2-family,0,0,0,1,0,STALL,0.008,0.015455,100,0.5500949328449329,0.02421,-0.0021682231492091736
105050,NbSe2-family,0,0,0,0,0,DIVERGE,0.008,0.38887,100,0.25090277777777775,0.38799,6.795422386932396e-05
105608,NbSe2-family,0,0,0,0,0,DIVERGE,0.008,0.10575,20,0.25469359806859804,0.14544,-0.019437606161026025
105058,NbSe2-family,0,0,0,0,0,DIVERGE,0.008,0.52338,100,0.18,0.46882,-0.0701541516892843
104789,NbSe2-family,0,0,1,1,0,STALL,0.008,0.007942,58,0.637174297924298,0.020814,-0.008732847926142685
105070,NbSe2-family,0,0,0,0,0,DIVERGE,0.008,0.51674,100,0.4700486111111111,0.51555,0.0007750588411991829
105064,NbSe2-family,0,0,0,0,0,DIVERGE,0.008,0.38887,100,0.26090277777777776,0.38887,3.384320739978256e-07
105279,unknown,0,0,0,0,0,DIVERGE,0.001,44.084,60,0.26,79.138,0.23107176017738013
104808,NbSe2-family,0,0,0,0,1,CONVERGED,1e-05,6.674e-05,100,0.8325,0.0012292,-0.09948831083195374
105076,NbSe2-family,0,0,0,0,0,DIVERGE,0.008,0.38887,100,0.26090277777777776,0.38887,-1.663796993685119e-18
104804,NbSe2-family,0,0,0,0,0,DIVERGE,0.008,1.2023,100,0.3425694444444445,1.2023,2.6142340984973536e-18
105641,NbSe2-family,0,0,0,0,0,DIVERGE,0.008,0.10575,20,0.25469359806859804,0.14544,-0.019437606161026025
105082,NbSe2-family,0,0,0,0,0,DIVERGE,0.008,0.51186,100,0.4700486111111111,0.51124,0.0007674715022694206
2,unknown,0,0,0,0,0,DIVERGE,0.008,0.31734,200,0.2837599206349206,0.31734,2.073718367033912e-06
26,NbSe2-family,0,1,0,0,1,CONVERGED,1e-06,3.6471e-05,48,0.825,0.00021212,-0.17192453159417762
17,unknown,0,1,0,1,1,CONVERGED,1e-06,2.6409e-06,32,0.8875,0.00021785,-0.1416037075328047
41,unknown,0,0,0,0,0,DIVERGE,0.008,0.31734,200,0.2787599206349206,0.31733,-6.9664549095023404e-06
49,NbSe2-family,0,0,1,1,1,CONVERGED,1e-06,6.2319e-07,25,0.805,0.0001564,-0.16892266260125088
113,NbSe2-family,0,0,1,1,1,CONVERGED,1e-06,6.7907e-07,22,0.805,0.0001584,-0.1679812671686741
120,NbSe2-family,0,0,0,0,0,DIVERGE,0.008,0.31806,200,0.2837599206349206,0.31806,2.069023672340026e-06
132,NbSe2-family,0,1,0,0,1,CONVERGED,1e-06,6.2467e-05,54,0.83,0.00022291,-0.17132182702472865
145,NbSe2-family,0,0,0,0,0,STALL,1e-06,0.022767,200,0.8025,0.0020924,-0.16456397388999908
152,unknown,0,0,1,1,1,CONVERGED,1e-08,9.0363e-09,22,0.9375,1.8221e-06,-0.2760956943032275
154,unknown,0,0,0,0,0,DIVERGE,0.008,0.17358,200,0.11330555555555556,0.17358,2.274728005898582e-06
157,NbSe2-family,0,0,0,0,0,STALL,1e-06,0.0056993,200,0.8208116883116884,0.0026337,-0.10205387602566443
201,other-KKR,1,0,1,0,1,CONVERGED,1e-08,1.6036e-09,13,0.765,8.1551e-07,-0.4117435106243128
226,NbSe2-family,0,0,1,1,1,CONVERGED,1e-06,6.3783e-07,30,0.775,0.0041808,-0.0939694517759916
360,NbSe2-family,0,0,1,1,0,STALL,0.008,0.0079812,128,0.5151494963369964,0.026557,-0.004472289279187633
371,unknown,0,0,0,0,0,DIVERGE,0.008,0.17395,200,0.11330555555555556,0.17395,2.2698891329607904e-06
386,NbSe2-family,0,0,0,0,0,DIVERGE,0.008,0.31806,200,0.2837599206349206,0.31806,2.069023672340026e-06
459,unknown,0,0,0,0,0,DIVERGE,0.008,0.17358,200,0.11330555555555556,0.17362,-1.061225301511189e-06
461,unknown,0,0,0,0,0,DIVERGE,0.008,0.17358,200,0.11330555555555556,0.17358,2.274728005898582e-06
462,unknown,1,1,,0,0,STALL,,0.048492,67,0.5163749999999999,0.032779,-0.09238884979806032
478,unknown,0,0,1,0,1,CONVERGED,1e-06,2.0568e-07,66,0.8525,0.0034332,-0.06838509288926832
485,unknown,0,0,0,0,1,CONVERGED,1e-08,3.9298e-08,50,0.8275,0.00012016,-0.21699308938838935
521,NbSe2-family,0,0,1,0,1,CONVERGED,1e-06,7.0496e-08,72,0.7625,0.0030488,-0.108523378151406
526,other-KKR,1,0,1,1,0,STALL,0.008,0.0078324,13,0.975,0.0085922,-0.013429079610834217
104801,NbSe2-family,0,0,0,0,0,DIVERGE,0.008,0.39173,100,0.24340277777777775,0.39173,3.3596116780222813e-07
696,unknown,0,0,1,1,0,CONVERGED,1e-06,4.3708e-07,52,0.87,0.0014115,-0.11581593566821705
731,unknown,0,0,0,0,0,DIVERGE,0.008,0.17395,200,0.10580555555555556,0.17387,1.0596906564091256e-06
758,unknown,0,0,0,0,0,DIVERGE,0.008,0.17395,200,0.11330555555555556,0.17395,2.2698891329607904e-06
779,NbSe2-family,0,0,0,0,1,STALL,1e-06,0.0021659,200,0.8375,0.00022638,-0.17403263149937404
782,NbSe2-family,0,0,0,0,0,STALL,1e-06,0.032717,200,0.6704166666666667,0.017001,0.08397813034279869
791,NbSe2-family,0,0,0,0,0,DIVERGE,0.008,0.31806,200,0.2837599206349206,0.31806,2.069023672340026e-06
792,NbSe2-family,0,0,0,0,0,DIVERGE,0.008,0.31806,200,0.2862599206349206,0.31769,1.010967061033523e-05
801,unknown,0,0,0,0,0,DIVERGE,0.008,0.31734,200,0.2837599206349206,0.31734,2.073718367033912e-06
828,unknown,0,0,1,1,1,CONVERGED,1e-06,4.4656e-07,19,0.8375,7.4243e-05,-0.24193766929735805
840,NbSe2-family,0,0,1,1,0,STALL,0.008,0.0079935,128,0.5151494963369964,0.026603,-0.0044739145820388475
851,unknown,0,0,0,0,0,DIVERGE,0.008,0.17395,200,0.11330555555555556,0.17395,2.2698891329607904e-06
853,NbSe2-family,0,0,1,1,0,STALL,0.008,0.0079821,12,0.95,0.0084761,-0.013041100860139737
952,NbSe2-family,0,0,1,1,0,STALL,0.008,0.007982,12,0.95,0.008476,-0.013042092802322346
957,NbSe2-family,0,0,0,0,0,STALL,1e-06,0.01684,200,0.67,0.016237,0.04839246780169541
979,unknown,0,0,0,0,0,DIVERGE,0.008,0.17358,200,0.11330555555555556,0.17358,2.274728005898582e-06
990,unknown,0,0,0,0,0,DIVERGE,0.008,0.31734,200,0.2837599206349206,0.31734,2.073718367033912e-06
994,NbSe2-family,0,0,1,1,1,CONVERGED,1e-06,4.1384e-07,131,0.8775,8.1919e-05,-0.05283758824154295
104770,NbSe2-family,0,0,0,1,0,STALL,0.008,0.0093471,100,0.8858283730158729,0.03617,-0.006552729596803878
1754,unknown,0,0,1,1,1,CONVERGED,1e-06,3.0542e-07,19,0.825,0.00032388,-0.15715673008679046
12947,other-KKR,0,0,0,0,1,CONVERGED,1e-06,0.00025404,100,0.8632142857142857,0.0032503,-0.030047423401570898
12950,other-KKR,0,0,1,1,1,CONVERGED,1e-06,6.0783e-07,15,0.995,8.5682e-06,-0.16662993361731923
15072,Bi/NbBi,0,0,1,1,1,CONVERGED,1e-06,9.8907e-07,13,0.8525,1.6316e-05,-0.2508903679874304
15114,NbSe2-family,1,0,1,1,1,CONVERGED,1e-08,7.9186e-09,239,0.7432591089466087,5.1052e-06,0.02937695428432144
15123,NbSe2-family,1,0,0,0,1,CONVERGED,1e-08,8.0781e-06,300,0.895,5.5552e-05,0.025378795230605246
15164,Bi/NbBi,0,0,1,1,1,CONVERGED,1e-06,4.795e-07,31,0.8325,0.00028381,-0.15852108014377453
15340,Bi/NbBi,0,0,1,1,0,STALL,0.008,0.0079308,173,0.712001443001443,0.043346,-0.00469169711609371
15356,NbSe2-family,1,0,1,1,1,CONVERGED,1e-08,3.4531e-09,84,0.774801615051615,2.593e-07,-0.001539825045094916
15435,NbSe2-family,1,0,0,0,1,CONVERGED,1e-08,3.4468e-07,300,0.8212777777777777,5.9509e-06,0.031693409124520164
15504,NbSe2-family,1,0,1,1,1,CONVERGED,1e-08,9.944e-09,286,0.7359585137085136,1.4092e-06,0.03424844185968948
15577,NbSe2-family,1,0,0,0,1,CONVERGED,1e-08,2.2847e-06,300,0.7992569444444445,3.9518e-06,0.0310627300426209
15611,NbSe2-family,1,0,0,0,1,CONVERGED,1e-08,5.2909e-06,300,0.9243045634920635,1.0644e-05,-0.031016462086116144
15620,Bi/NbBi,0,0,1,1,0,STALL,0.008,0.007978,13,0.955,0.0087053,-0.01256259352436966
15763,NbSe2-family,1,0,1,0,1,CONVERGED,1e-08,2.2811e-09,124,0.8675,0.0011683,-0.055870837024740584
15808,NbSe2-family,1,0,1,1,1,CONVERGED,1e-08,8.8121e-09,148,0.815,0.00032415,-0.16653588136582512
15887,Bi/NbBi,0,0,1,1,0,STALL,0.008,0.0078433,12,0.9725,0.0083342,-0.013211195326532468
15946,NbSe2-family,1,0,0,0,1,CONVERGED,1e-08,3.9614e-06,300,0.8762777777777778,7.6528e-06,0.0341037436154131
16074,Bi/NbBi,0,0,1,1,0,STALL,0.008,0.0079421,196,0.7751135461760462,0.054491,-0.004091042789491779
16082,NbSe2-family,1,1,0,0,1,DIVERGE,1e-08,0.11712,300,0.5663333333333334,4.2567,0.4132989624230317
16256,NbSe2-family,1,1,0,0,1,DIVERGE,1e-08,0.61913,300,0.6288568376068376,0.10318,0.20610741066945334
16324,NbSe2-family,1,1,0,0,1,DIVERGE,1e-08,0.82893,300,0.6034166666666666,3.0354,0.4148176638169842
16362,Bi/NbBi,0,0,1,1,1,CONVERGED,1e-06,8.887e-07,14,0.8575,8.7056e-06,-0.349039633510851
16373,NbSe2-family,1,1,0,0,1,DIVERGE,1e-08,0.12266,300,0.8675,0.0085123,-0.02718704052912675
16495,NbSe2-family,1,1,0,0,1,DIVERGE,1e-08,10.785,300,0.6829166666666666,0.00216,0.042534059038035234
16663,NbSe2-family,1,1,0,0,1,DIVERGE,1e-08,0.47762,300,0.6109166666666667,4.4899,0.4210359889250445
16672,NbSe2-family,1,1,0,0,1,DIVERGE,1e-08,0.58185,300,0.71,0.0066825,0.0280574009841344
16883,NbSe2-family,1,1,0,0,1,STALL,1e-08,0.008202,300,0.5934166666666666,1.8951,0.3746040923037475
16891,unknown,0,1,0,0,1,STALL,1e-06,0.064602,1000,0.555,0.0016572,-0.045933569618382075
104755,NbSe2-family,0,0,0,0,0,DIVERGE,0.008,0.45087,100,0.24090277777777774,0.45044,3.279296066651858e-05
17458,Bi/NbBi,0,0,1,1,1,CONVERGED,1e-06,8.887e-07,14,0.8575,8.7056e-06,-0.349039633510851
17500,Bi/NbBi,0,0,1,1,0,STALL,0.008,0.0079421,196,0.7751135461760462,0.054491,-0.004091042789491779
23979,Bi/NbBi,0,0,1,1,0,STALL,0.008,0.0079933,523,0.3883333333333333,0.012795,-0.0003945772917628737
23970,Bi/NbBi,0,0,0,0,0,STALL,0.008,0.031616,900,0.6056562049062049,0.10547,-0.001186922752720733
23990,Bi/NbBi,0,0,1,1,0,STALL,0.008,0.0079973,703,0.3768333333333333,0.015125,-0.00038824122624579456
23998,Bi/NbBi,0,0,1,1,1,CONVERGED,1e-06,8.005e-07,15,0.85,0.00014574,-0.20428657662402594
24017,Bi/NbBi,0,0,0,1,0,STALL,0.008,0.013758,900,0.5285069444444445,0.031324,-0.00040374238671427205
24042,Bi/NbBi,0,0,1,1,1,CONVERGED,1e-06,9.4553e-07,23,0.8825,0.00059058,-0.1732090371626653
24087,Bi/NbBi,0,0,1,1,0,STALL,0.008,0.0079975,577,0.4133333333333333,0.01363,-0.00040536952218113887
24100,Bi/NbBi,0,0,1,1,1,CONVERGED,1e-06,4.9792e-07,18,0.8575,0.00013345,-0.14663030124224508
24116,Bi/NbBi,0,0,1,1,1,CONVERGED,1e-06,9.5335e-07,29,0.865,0.00046905,-0.12480876681764061
23850,Bi/NbBi,0,0,0,0,0,STALL,0.008,0.029602,900,0.5708417207792208,0.11783,-0.0012371705317523254
23871,Bi/NbBi,0,0,0,0,0,STALL,0.008,0.03525,900,0.6406433080808079,0.11685,-0.0026360664919607532
23940,Bi/NbBi,0,0,0,1,0,STALL,0.008,0.012912,900,0.26043650793650797,0.029308,-0.00043414881628131086
23948,Bi/NbBi,0,0,1,1,1,CONVERGED,1e-06,9.1253e-07,16,0.8625,0.00015689,-0.20940658264353368
23965,Bi/NbBi,0,0,1,1,1,CONVERGED,1e-06,6.5006e-07,55,0.9025,0.00057628,-0.17480082919870113
23957,Bi/NbBi,0,0,0,1,0,STALL,0.008,0.015261,900,0.6699791666666667,0.034793,-0.0005653400585411404
25556,Bi/NbBi,0,1,1,1,0,STALL,0.008,0.0079724,332,0.5404166666666668,0.20367,-0.02095924997327313
25062,Bi/NbBi,0,0,1,1,1,CONVERGED,1e-06,8.5192e-07,403,0.885,0.00033907,-0.16125455584651938
25101,Bi/NbBi,0,0,1,1,1,CONVERGED,1e-06,4.7419e-07,17,0.855,0.0002053,-0.191567549493308
25895,Bi/NbBi,0,1,1,1,0,STALL,0.008,0.0079456,359,0.115,0.23148,-0.050338507661549715
26440,Bi/NbBi,0,0,1,1,1,CONVERGED,1e-06,9.0467e-07,26,0.82,0.0013326,-0.1168621186980114
103710,NbSe2-family,0,0,0,0,1,CONVERGED,1e-05,0.00087969,100,0.83,0.0012884,-0.09716423283753094
104926,NbSe2-family,0,0,1,1,1,CONVERGED,1e-05,5.5827e-06,47,0.7875,0.001771,-0.07891342367796303
104852,NbSe2-family,0,0,1,1,1,CONVERGED,1e-05,8.4516e-06,51,0.775,4.9291e-05,-0.2510463488001315
104890,NbSe2-family,0,0,0,0,0,DIVERGE,0.008,0.45087,100,0.26840277777777777,0.45087,-3.1385931320961568e-18
104883,NbSe2-family,0,0,0,0,0,STALL,0.008,0.069482,100,0.9156840659340659,0.18512,-0.008418173978794966
104912,NbSe2-family,0,0,0,0,0,DIVERGE,0.008,1.2023,100,0.3425694444444445,1.2023,2.6142340984973536e-18
104909,NbSe2-family,0,0,0,0,0,DIVERGE,0.008,0.39173,100,0.24340277777777775,0.39173,3.3596116780222813e-07
103716,NbSe2-family,0,0,0,0,1,STALL,1e-05,0.0024614,100,0.9725,0.000172,-0.02197245263514021
103789,NbSe2-family,0,0,0,0,0,STALL,0.008,0.069482,100,0.935684065934066,0.18512,-0.008418173978794966
103803,NbSe2-family,0,0,1,1,1,CONVERGED,1e-05,7.8287e-06,49,0.89,0.0016715,-0.03939356917315739
103786,NbSe2-family,0,0,0,0,0,DIVERGE,0.008,0.39024,100,0.5820833333333334,0.11915,-0.027999866139770912
104946,NbSe2-family,0,0,0,0,0,STALL,0.008,0.02545,100,0.7950718795093795,0.062814,-0.004380811096998827
103792,NbSe2-family,0,0,0,0,0,STALL,0.008,0.02545,100,0.4804761904761905,0.16234,-0.014552774255173618
104940,NbSe2-family,0,0,0,0,0,STALL,0.008,0.069308,100,0.6388843795093796,0.10934,-0.0022320629645995976
104974,NbSe2-family,0,0,0,0,0,STALL,0.008,0.041956,100,0.7624191017316017,0.065906,-0.002185904766229794
103809,NbSe2-family,0,0,1,1,0,STALL,0.008,0.007942,58,0.637174297924298,0.020814,-0.008732847926142685
105611,NbSe2-family,0,0,0,0,0,DIVERGE,0.008,0.19941,20,0.8057927489177488,0.21217,-0.007857935023717916
104956,NbSe2-family,0,0,0,0,0,DIVERGE,0.008,0.45087,100,0.26840277777777777,0.45087,-3.1385931320961568e-18
104980,NbSe2-family,0,0,0,1,0,STALL,0.008,0.0093704,100,0.5384788614163615,0.023026,-0.004346003124116675
103667,unknown,0,0,0,0,0,DIVERGE,1e-08,0.25732,50,0.3275,0.38394,-0.15724757425008634
104967,NbSe2-family,0,0,0,0,0,DIVERGE,0.008,1.2023,100,0.3425694444444445,1.2023,2.6142340984973536e-18
103817,NbSe2-family,0,0,0,0,0,DIVERGE,0.008,0.39172,100,0.23340277777777774,0.39086,6.624108152126147e-05
103820,NbSe2-family,0,0,0,0,0,STALL,0.008,0.02545,100,0.7919885461760462,0.062814,-0.004380811096998827
104964,NbSe2-family,0,0,0,0,0,DIVERGE,0.008,0.39173,100,0.24340277777777775,0.39173,3.3596116780222813e-07
103844,NbSe2-family,0,0,0,0,0,DIVERGE,0.008,0.39173,100,0.24340277777777775,0.39173,3.3596116780222813e-07
103847,NbSe2-family,0,0,0,1,0,STALL,0.008,0.0093704,100,0.5376455280830281,0.023026,-0.004346003124116675
103862,NbSe2-family,0,0,1,1,1,STALL,0.008,0.0079975,16,0.8681944444444444,0.0084974,-0.004465738765587666
103836,NbSe2-family,0,0,0,0,1,STALL,1e-05,0.0027415,100,0.7775,3.3485e-05,-0.27007659086181446
103872,NbSe2-family,0,0,1,1,1,CONVERGED,1e-05,4.6022e-06,26,0.8375,0.00216,-0.06042694317757862
103888,NbSe2-family,0,0,0,0,0,DIVERGE,0.008,0.39173,100,0.24340277777777775,0.39173,3.3596116780222813e-07
103856,NbSe2-family,0,0,0,0,0,DIVERGE,0.008,0.39173,100,0.24340277777777775,0.39173,3.3596116780222813e-07
103878,NbSe2-family,0,0,1,1,1,CONVERGED,1e-05,9.3665e-06,27,0.885,2.0266e-05,-0.24491316162238666
104155,NbSe2-family,0,0,1,1,0,STALL,0.008,0.0078482,79,0.6303125,0.13145,-0.023788133772014712
104197,NbSe2-family,0,0,0,1,0,STALL,0.008,0.015378,100,0.4485386904761905,0.1534,-0.017095943265525323
104131,NbSe2-family,0,0,0,0,0,STALL,0.008,0.042061,100,0.5693685897435895,0.17269,-0.011705085542385214
104143,NbSe2-family,0,0,0,0,0,STALL,0.008,0.02545,100,0.5007261904761904,0.16234,-0.014552774255173618
104179,NbSe2-family,0,0,0,0,0,DIVERGE,0.008,1.2024,100,0.5843055555555555,0.0888,-0.04140560667553415
104137,NbSe2-family,0,0,0,0,0,DIVERGE,0.008,0.11511,100,0.7595784632034629,0.20052,-0.0046033078473429415
104161,NbSe2-family,0,0,0,0,0,STALL,0.008,0.069482,100,0.935684065934066,0.18512,-0.008418173978794966
104173,NbSe2-family,0,0,0,0,0,DIVERGE,0.008,0.45026,100,0.60125,0.10807,-0.03226990149879085
104191,NbSe2-family,0,0,0,0,0,DIVERGE,0.008,1.0648,100,0.5879166666666666,0.10519,-0.033888534002227175
104149,NbSe2-family,0,0,0,1,0,STALL,0.008,0.0092764,100,0.31011026473526476,0.14544,-0.019437606161026025
104167,NbSe2-family,0,0,0,0,0,DIVERGE,0.008,0.39024,100,0.6125,0.11915,-0.027999866139770912
104228,NbSe2-family,0,0,1,1,0,STALL,0.008,0.0079987,26,0.8904166666666665,0.011958,-0.010923849930372704
104289,NbSe2-family,0,0,1,1,1,CONVERGED,1e-05,7.0006e-06,32,0.76,0.0016655,-0.07820888799428928
104217,NbSe2-family,0,0,1,1,1,CONVERGED,1e-05,6.6208e-06,19,0.8125,0.00088025,-0.11328154375968427
104249,NbSe2-family,0,0,1,1,0,STALL,0.008,0.007942,58,0.6288409645909646,0.020814,-0.008732847926142685
104266,NbSe2-family,0,0,0,0,0,DIVERGE,0.008,1.2023,100,0.3300694444444444,1.2023,-4.597150844862078e-06
104225,NbSe2-family,0,0,0,0,0,STALL,0.008,0.069308,100,0.6483010461760462,0.10934,-0.0022320629645995976
104254,NbSe2-family,0,0,0,0,0,STALL,0.008,0.02545,100,0.7919885461760462,0.062814,-0.004380811096998827
104257,NbSe2-family,0,0,0,0,0,DIVERGE,0.008,0.39172,100,0.25090277777777775,0.39086,6.624108152126147e-05
104260,NbSe2-family,0,0,0,1,0,STALL,0.008,0.0093471,100,0.8824950396825396,0.03617,-0.006552729596803878
104263,NbSe2-family,0,0,0,0,0,DIVERGE,0.008,0.45087,100,0.25590277777777776,0.45044,3.279296066651858e-05
104302,NbSe2-family,0,0,1,1,1,CONVERGED,1e-05,7.4663e-06,14,0.785,0.00012184,-0.22570744135283924
104315,NbSe2-family,0,0,1,1,1,CONVERGED,1e-05,5.8735e-06,14,0.7775,0.00011518,-0.22733582499816926
104371,NbSe2-family,0,0,1,1,1,CONVERGED,1e-05,8.8266e-06,35,0.82,0.0020372,-0.0678594109803738
104349,NbSe2-family,0,0,0,0,0,DIVERGE,0.008,1.2023,100,0.3475694444444445,1.2023,2.6142340984973536e-18
104321,NbSe2-family,0,0,0,0,0,STALL,0.008,0.041956,100,0.7693357683982682,0.065906,-0.002185904766229794
104346,NbSe2-family,0,0,0,0,0,DIVERGE,0.008,0.45087,100,0.2834027777777777,0.45087,-3.1385931320961568e-18
104329,NbSe2-family,0,0,0,1,0,STALL,0.008,0.0093704,100,0.5376455280830281,0.023026,-0.004346003124116675
104352,NbSe2-family,0,0,0,0,0,DIVERGE,0.008,0.39173,100,0.26090277777777776,0.39173,3.3596116780222813e-07
104434,NbSe2-family,0,0,0,0,0,DIVERGE,0.008,1.2023,100,0.3475694444444445,1.2023,2.6142340984973536e-18
104423,NbSe2-family,0,0,0,1,0,STALL,0.008,0.015455,100,0.5492615995115995,0.02421,-0.0021682231492091736
104431,NbSe2-family,0,0,0,0,0,DIVERGE,0.008,0.45087,100,0.2834027777777777,0.45087,-3.1385931320961568e-18
104441,NbSe2-family,0,0,0,0,0,DIVERGE,0.008,0.39173,100,0.26090277777777776,0.39173,3.3596116780222813e-07
104593,NbSe2-family,0,0,1,1,0,STALL,0.008,0.0078482,79,0.6123958333333334,0.13145,-0.023788133772014712
104596,NbSe2-family,0,0,0,0,0,DIVERGE,0.008,0.45026,100,0.5733333333333334,0.10807,-0.03226990149879085
104581,NbSe2-family,0,0,0,0,0,DIVERGE,0.008,0.39024,100,0.5820833333333334,0.11915,-0.027999866139770912
104587,NbSe2-family,0,0,0,0,0,DIVERGE,0.008,1.0648,100,0.5775,0.10519,-0.033888534002227175
104590,NbSe2-family,0,0,0,0,0,DIVERGE,0.008,1.2024,100,0.5638888888888889,0.0888,-0.04140560667553415
105540,NbSe2-family,0,0,0,0,0,DIVERGE,0.008,0.10575,20,0.25469359806859804,0.14544,-0.019437606161026025
105537,NbSe2-family,0,0,0,0,0,DIVERGE,0.008,0.10575,20,0.25469359806859804,0.14544,-0.019437606161026025
105647,NbSe2-family,0,0,0,0,0,DIVERGE,0.008,0.10575,20,0.25469359806859804,0.14544,-0.019437606161026025
105644,NbSe2-family,0,0,0,0,0,DIVERGE,0.008,0.19941,20,0.8057927489177488,0.21217,-0.007857935023717916
105735,NbSe2-family,0,0,0,0,0,DIVERGE,0.008,0.10575,20,0.25469359806859804,0.14544,-0.019437606161026025
105738,NbSe2-family,0,0,0,0,0,DIVERGE,0.008,0.10575,20,0.25469359806859804,0.14544,-0.019437606161026025
105751,NbSe2-family,0,0,0,0,0,DIVERGE,0.008,0.10575,20,0.25469359806859804,0.14544,-0.019437606161026025
100694,unknown,0,0,0,0,0,DIVERGE,0.008,0.10575,20,0.25469359806859804,0.14544,-0.019437606161026025
100915,NbSe2-family,0,0,0,1,0,STALL,0.008,0.0092764,100,0.25469359806859804,0.14545,-0.019435977449834083
100927,NbSe2-family,0,0,0,1,0,STALL,0.008,0.0092764,100,0.25469359806859804,0.14544,-0.019437606161026025
100950,NbSe2-family,0,0,1,1,1,CONVERGED,1e-05,9.5329e-06,99,0.8325,0.0012744,-0.09763781365048912
100972,NbSe2-family,0,0,0,0,1,STALL,1e-05,0.017925,100,0.8225,0.0012773,-0.09741877335124063
100903,NbSe2-family,0,0,0,1,0,STALL,0.008,0.0092764,100,0.25469359806859804,0.14544,-0.019437606161026025
100978,NbSe2-family,0,0,0,0,0,STALL,1e-05,0.017261,100,0.6885267857142857,0.011566,0.020142121771996143
100846,unknown,0,0,1,1,0,STALL,0.008,0.0079753,85,0.7922514430014429,0.077727,-0.013359554574054239
101017,NbSe2-family,0,0,1,1,0,CONVERGED,1e-05,4.8851e-06,56,0.6532142857142857,0.014997,0.037304817398207846
101006,NbSe2-family,0,0,1,1,1,CONVERGED,1e-05,9.0033e-06,66,0.8225,0.0012786,-0.09734979158507207
100664,NbSe2-family,0,0,0,1,0,STALL,0.008,0.0092764,100,0.25469359806859804,0.14544,-0.019437606161026025
106704,unknown,0,0,0,0,0,DIVERGE,0.008,0.29568,60,0.4375,1.1192,-0.14130735310996792
101031,unknown,0,0,1,1,1,CONVERGED,1e-05,5.145e-06,19,0.7725,3.392e-05,-0.2721893544004225
100909,NbSe2-family,0,0,0,1,0,STALL,0.008,0.0092764,100,0.25469359806859804,0.14544,-0.019437606161026025
106710,unknown,0,0,0,0,0,DIVERGE,0.008,0.21967,60,0.6189166666666667,0.27762,-0.0025226816161774282
101158,NbSe2-family,0,0,0,1,0,STALL,0.008,0.0092764,100,0.25469359806859804,0.14544,-0.019437606161026025
101171,NbSe2-family,0,0,0,0,1,CONVERGED,1e-05,0.00087969,100,0.83,0.0012884,-0.09716423283753094
101207,NbSe2-family,0,0,0,0,1,CONVERGED,1e-05,0.00087969,100,0.83,0.0012884,-0.09716423283753094
101189,NbSe2-family,0,0,0,0,1,CONVERGED,1e-05,5.7398e-05,100,0.8325,0.001285,-0.09722991072987378
101226,NbSe2-family,0,0,1,0,1,CONVERGED,1e-05,9.0852e-07,13,0.995,2.4663e-05,-0.05787619686883627
101213,NbSe2-family,0,0,0,0,1,STALL,1e-05,0.0024614,100,0.9725,0.000172,-0.02197245263514021
101219,NbSe2-family,0,0,0,0,1,STALL,1e-05,0.0024614,100,0.9725,0.000172,-0.02197245263514021
101306,unknown,0,0,0,0,0,DIVERGE,0.008,0.10575,20,0.25469359806859804,0.14544,-0.019437606161026025
101266,NbSe2-family,0,0,1,1,1,CONVERGED,1e-05,7.8287e-06,49,0.89,0.0016715,-0.03939356917315739
101315,NbSe2-family,0,0,1,1,1,CONVERGED,1e-05,7.8287e-06,49,0.89,0.0016715,-0.03939356917315739
101362,unknown,0,0,0,0,0,DIVERGE,0.008,0.10575,20,0.25469359806859804,0.14544,-0.019437606161026025
101378,unknown,0,0,0,1,0,STALL,0.008,0.0092764,80,0.7922514430014429,0.077727,-0.013359554574054239
106731,unknown,0,0,0,0,0,DIVERGE,0.008,0.20321,60,0.6648333333333334,0.21246,-0.0014123239143666406
101396,unknown,0,0,0,0,1,STALL,1e-05,0.0013416,80,0.8525,0.0012926,-0.09708418298652692
101402,unknown,0,0,0,0,1,STALL,1e-05,0.0058691,80,0.965,0.0006478,-0.02822946693444041
101408,unknown,0,0,0,0,0,STALL,1e-05,0.016963,80,0.6375,0.008213,0.043472249971281525
101447,unknown,0,0,0,0,0,DIVERGE,0.008,0.10575,20,0.25469359806859804,0.14544,-0.019437606161026025
101465,unknown,0,0,0,1,0,STALL,0.008,0.0092764,80,0.7922514430014429,0.077727,-0.013359554574054239
101483,unknown,0,0,0,0,1,STALL,1e-05,0.0013416,80,0.8525,0.0012926,-0.09708418298652692
101489,unknown,0,0,0,0,1,STALL,1e-05,0.0058691,80,0.965,0.0006478,-0.02822946693444041
101495,unknown,0,0,0,0,0,STALL,1e-05,0.016963,80,0.6375,0.008213,0.043472249971281525
107110,unknown,0,0,0,0,0,STALL,0.008,0.048017,50,0.503,0.17643,-0.012643780904664103
107116,unknown,0,0,0,1,0,STALL,0.008,0.010164,50,0.8680892857142857,0.035082,-0.013624341631940647
107131,unknown,0,0,1,1,1,CONVERGED,0.0001,8.5546e-05,21,0.8925,0.00044756,-0.14232329524825116
100100,other-KKR,1,0,0,1,0,STALL,0.008,0.011706,50,0.8471492604617604,0.041131,-0.014056592913782164
100112,other-KKR,1,0,1,1,0,STALL,0.008,0.0078324,13,0.975,0.0085922,-0.013429079610834217
100127,other-KKR,1,0,1,0,1,CONVERGED,1e-08,1.6142e-09,13,0.765,8.1551e-07,-0.4117435106243128
101725,other-KKR,1,0,,0,0,CONVERGED,,2.3412e-08,30,0.5609166666666667,0.43293,-0.004365986228219522
99269,other-KKR,1,0,1,0,0,CONVERGED,1e-08,1.7391e-09,52,0.735,0.0025062,-0.14330918650545388
99326,other-KKR,1,0,1,1,0,CONVERGED,1e-08,6.9816e-09,50,0.7725,0.0017726,-0.15147660350069644
99810,other-KKR,1,0,0,1,0,STALL,0.008,0.011706,50,0.8471492604617604,0.041131,-0.014056592913782164
99830,other-KKR,1,0,1,1,0,STALL,0.008,0.0078324,13,0.975,0.0085922,-0.013429079610834217
99846,other-KKR,1,0,1,0,1,CONVERGED,1e-08,1.6267e-09,13,0.765,8.1552e-07,-0.4117432201478664
99954,other-KKR,1,0,1,1,0,CONVERGED,1e-08,8.2005e-09,30,0.3929166666666667,0.29868,-0.022277452209907
98213,other-KKR,1,0,0,1,0,STALL,0.008,0.011665,50,0.8446492604617605,0.041016,-0.014060531472900107
98219,other-KKR,1,0,1,1,0,STALL,0.008,0.0078033,13,0.975,0.0085607,-0.013435415104181081
98240,other-KKR,1,0,1,1,1,CONVERGED,1e-08,3.7801e-09,24,0.885,0.00021403,-0.1229080191062457
98268,other-KKR,1,0,1,0,1,CONVERGED,1e-08,6.161e-10,14,0.7925,1.9445e-07,-0.411944584797895
98274,other-KKR,1,0,1,1,0,STALL,0.008,0.0078324,13,0.975,0.0085922,-0.013429079610834217
98287,other-KKR,1,0,1,0,1,CONVERGED,1e-08,1.6172e-09,13,0.765,8.1551e-07,-0.4117435106243128
98348,other-KKR,1,0,1,1,0,STALL,0.008,0.0078324,13,0.975,0.0085922,-0.013429079610834217
98357,other-KKR,1,0,1,0,1,CONVERGED,1e-08,1.6172e-09,13,0.765,8.1551e-07,-0.4117435106243128
98434,other-KKR,1,0,1,1,0,STALL,0.008,0.0078324,13,0.975,0.0085922,-0.013429079610834217
98443,other-KKR,1,0,1,0,1,CONVERGED,1e-08,1.596e-09,13,0.765,8.1551e-07,-0.4117435106243128
98557,other-KKR,1,0,1,0,1,CONVERGED,1e-08,1.617e-09,13,0.765,8.1551e-07,-0.4117435106243128
98548,other-KKR,1,0,1,1,0,STALL,0.008,0.0078324,13,0.975,0.0085922,-0.013429079610834217
98661,other-KKR,1,0,1,1,0,STALL,0.008,0.0078324,13,0.975,0.0085922,-0.013429079610834217
98688,other-KKR,1,0,1,0,1,CONVERGED,1e-08,1.617e-09,13,0.765,8.1551e-07,-0.4117435106243128
99736,other-KKR,1,0,0,1,0,STALL,0.008,0.011706,50,0.8471492604617604,0.041131,-0.014056592913782164
99742,other-KKR,1,0,1,1,0,STALL,0.008,0.0078324,13,0.975,0.0085922,-0.013429079610834217
99794,other-KKR,1,0,1,0,1,CONVERGED,1e-08,1.6267e-09,13,0.765,8.1552e-07,-0.4117432201478664
98773,other-KKR,1,0,1,1,0,STALL,0.008,0.0078324,13,0.975,0.0085922,-0.013429079610834217
98782,other-KKR,1,0,1,0,1,CONVERGED,1e-08,1.5924e-09,13,0.765,8.1551e-07,-0.4117435106243128
99546,unknown,1,0,1,0,0,CONVERGED,1e-08,2.3569e-09,30,0.3929166666666667,0.29869,-0.02227606950304252
99617,unknown,1,0,1,0,0,CONVERGED,1e-08,2.3569e-09,30,0.3929166666666667,0.29869,-0.02227606950304252
99907,other-KKR,1,0,0,1,0,STALL,0.008,0.011706,50,0.8471492604617604,0.041131,-0.014056592913782164
99913,other-KKR,1,0,1,1,0,STALL,0.008,0.0078324,13,0.975,0.0085922,-0.013429079610834217
99922,other-KKR,1,0,1,0,1,CONVERGED,1e-08,1.6142e-09,13,0.765,8.1551e-07,-0.4117435106243128
99968,other-KKR,1,0,1,0,0,CONVERGED,1e-08,2.2769e-09,53,0.3929166666666667,0.29868,-0.022277452209907
100106,other-KKR,1,0,0,1,0,STALL,0.008,0.011706,50,0.8471492604617604,0.041131,-0.014056592913782164
100118,other-KKR,1,0,1,1,0,STALL,0.008,0.0078324,13,0.975,0.0085922,-0.013429079610834217
100136,other-KKR,1,0,1,0,1,CONVERGED,1e-08,1.6142e-09,13,0.765,8.1551e-07,-0.4117435106243128
100301,other-KKR,1,0,1,1,0,STALL,0.008,0.0078324,13,0.975,0.0085922,-0.013429079610834217
100310,other-KKR,1,0,1,0,1,CONVERGED,1e-08,1.5734e-09,13,0.765,8.1551e-07,-0.4117435106243128
100342,other-KKR,1,0,,0,0,CONVERGED,,2.3425e-08,30,0.5609166666666667,0.43293,-0.004365986228219522
105850,other-KKR,1,0,0,0,0,DIVERGE,0.008,0.19227,15,0.98,0.2332,-0.016461512984062097
105862,other-KKR,1,0,0,0,0,DIVERGE,0.008,0.11156,15,0.5296523268398269,0.1331,-0.015922659794498997
105876,other-KKR,1,0,,0,0,CONVERGED,,1.2335e-08,30,0.72,0.019543,-0.1749371929166274
105923,other-KKR,1,0,,0,0,DIVERGE,,0.38837,20,0.6084166666666667,0.42943,-0.004365265037502062
105847,other-KKR,1,0,0,0,0,DIVERGE,0.008,0.19227,15,0.98,0.2332,-0.016461512984062097
105859,other-KKR,1,0,0,0,0,DIVERGE,0.008,0.11156,15,0.5296523268398269,0.1331,-0.015922659794498997
105880,other-KKR,1,0,,0,0,CONVERGED,,1.2333e-08,30,0.72,0.019543,-0.1749371929166274
105930,other-KKR,1,0,,0,0,DIVERGE,,0.38837,20,0.6084166666666667,0.42943,-0.004365265037502062
106109,NbSe2-family,1,0,0,1,0,STALL,0.008,0.0092764,50,0.8914682539682539,0.031155,-0.013196615201703876
106102,NbSe2-family,1,0,0,0,0,STALL,0.008,0.042219,50,0.25469359806859804,0.14544,-0.019437606161026025
106130,NbSe2-family,1,0,0,0,1,CONVERGED,1e-08,3.4757e-07,50,0.855,0.00023646,-0.16856666940668064
106139,NbSe2-family,1,0,1,0,1,CONVERGED,1e-08,2.9651e-09,19,0.9025,4.35e-05,-0.16931761202257117
106099,NbSe2-family,1,0,0,0,0,STALL,0.008,0.042219,50,0.25469359806859804,0.14544,-0.019437606161026025
106115,NbSe2-family,1,0,0,1,0,STALL,0.008,0.0092764,50,0.8914682539682539,0.031155,-0.013196615201703876
106154,NbSe2-family,1,0,0,0,1,CONVERGED,1e-08,8.0295e-08,50,0.8575,0.00023609,-0.1682819809940811
106233,NbSe2-family,1,0,0,0,0,DIVERGE,0.008,0.12363,15,0.25469359806859804,0.14544,-0.019437606161026025
106240,NbSe2-family,1,0,0,0,0,STALL,0.008,0.077727,15,0.7801085858585859,0.090625,-0.013459575030266683
106230,NbSe2-family,1,0,0,0,0,DIVERGE,0.008,0.12363,15,0.25469359806859804,0.14544,-0.019437606161026025
106246,NbSe2-family,1,0,0,0,0,STALL,0.008,0.077727,15,0.7801085858585859,0.090625,-0.013459575030266683
106356,NbSe2-family,1,0,0,0,0,DIVERGE,0.008,0.12363,15,0.25469359806859804,0.14544,-0.019437606161026025
106363,NbSe2-family,1,0,0,0,0,STALL,0.008,0.077727,15,0.7801085858585859,0.090625,-0.013459575030266683
106353,NbSe2-family,1,0,0,0,0,DIVERGE,0.008,0.12363,15,0.25469359806859804,0.14544,-0.019437606161026025
106369,NbSe2-family,1,0,0,0,0,STALL,0.008,0.077727,15,0.7801085858585859,0.090625,-0.013459575030266683
106454,NbSe2-family,1,0,0,0,0,DIVERGE,0.008,0.12363,15,0.25469359806859804,0.14544,-0.019437606161026025
106461,NbSe2-family,1,0,0,0,0,STALL,0.008,0.077727,15,0.7801085858585859,0.090625,-0.013459575030266683
106451,NbSe2-family,1,0,0,0,0,DIVERGE,0.008,0.12363,15,0.25469359806859804,0.14544,-0.019437606161026025
106467,NbSe2-family,1,0,0,0,0,STALL,0.008,0.077727,15,0.7801085858585859,0.090625,-0.013459575030266683
106571,NbSe2-family,1,0,0,0,0,DIVERGE,0.008,0.12363,15,0.25469359806859804,0.14544,-0.019437606161026025
106578,NbSe2-family,1,0,0,0,0,STALL,0.008,0.077727,15,0.7801085858585859,0.090625,-0.013459575030266683
106568,NbSe2-family,1,0,0,0,0,DIVERGE,0.008,0.12363,15,0.25469359806859804,0.14544,-0.019437606161026025
106584,NbSe2-family,1,0,0,0,0,STALL,0.008,0.077727,15,0.7801085858585859,0.090625,-0.013459575030266683
107231,NbSe2-family,0,0,0,0,0,DIVERGE,0.008,0.10728,12,0.5820833333333334,0.11915,-0.027999866139770912
107234,NbSe2-family,0,0,0,0,0,DIVERGE,0.008,0.10728,12,0.5820833333333334,0.11915,-0.027999866139770912
107243,NbSe2-family,0,0,0,0,0,STALL,0.008,0.057719,12,0.6352559523809524,0.063968,-0.022432253513297983
107246,NbSe2-family,0,0,0,0,0,STALL,0.008,0.057719,12,0.6352559523809524,0.063968,-0.022432253513297983
107261,NbSe2-family,0,0,0,0,0,STALL,0.008,0.03129,12,0.7486488095238095,0.034581,-0.022244674544784425
107264,NbSe2-family,0,0,0,0,0,STALL,0.008,0.03129,12,0.7486488095238095,0.034581,-0.022244674544784425
107211,NbSe2-family,0,0,0,0,0,STALL,0.008,0.042219,50,0.25469359806859804,0.14544,-0.019437606161026025
107276,NbSe2-family,0,0,0,0,0,DIVERGE,0.008,0.3416,12,0.46613095238095226,0.41108,0.1530364590421061
107279,NbSe2-family,0,0,0,0,0,DIVERGE,0.008,0.3416,12,0.46613095238095226,0.41108,0.1530364590421061
107297,NbSe2-family,0,0,0,1,0,STALL,0.008,0.012199,12,0.665,0.012841,-0.09837050024016522
107286,NbSe2-family,0,0,0,1,0,STALL,0.008,0.0092764,50,0.8914682539682539,0.031155,-0.013196615201703876
107319,NbSe2-family,0,0,0,0,1,CONVERGED,1e-05,0.00037341,50,0.8575,0.0012958,-0.09702413425836287
107325,NbSe2-family,0,0,1,1,1,CONVERGED,1e-05,4.0626e-06,27,0.9175,0.00087358,0.012953916403889014
107360,NbSe2-family,0,0,0,0,0,DIVERGE,0.008,0.10728,12,0.6125,0.11915,-0.027999866139770912
107366,NbSe2-family,0,0,0,0,0,STALL,0.008,0.057719,12,0.6415059523809525,0.063968,-0.022432253513297983
107372,NbSe2-family,0,0,0,0,0,STALL,0.008,0.03129,12,0.7519821428571428,0.034581,-0.022244674544784425
107378,NbSe2-family,0,0,0,0,0,DIVERGE,0.008,0.3416,12,0.4923809523809522,0.41108,0.1530364590421061
