source_stage,family,material,formula,seg_pk,wc_pk,uuid,sha256,z_sequence,natyp,nspin,soc,lmax,compat_class,empty_sphere,cpa,bdg,final_rms,integrity_ok,roundtrip_ok,f2_eligible
E1,E1_NbSe2_Bi,Bi16X8,Bi16X8,94715,,7c8e5106-970e-4a51-94ce-1467c3f21bf4,40906698e6999b5b20d20b2135fd76fb515a380dca834af60b11f3906040889e,"[0, 0, 0, 0, 83, 83, 83, 83, 83, 83, 83, 83, 83, 83, 83, 83, 83, 83, 83, 83, 0, 0, 0, 0]",24,2,True,3,"{""code_family"": ""standard"", ""nspin"": 2, ""soc"": true, ""cpa"": false, ""lmax"": ""3"", ""ncheb"": ""12"", ""mesh"": ""[609, 609, 609, 609, 609, 609, 609, 609, 609, 609, 609, 609, 609, 609, 609, 609, 609, 609, 609, 609, 609, 609, 609, 609]""}",False,False,False,4.5522e-07,True,True,False
E1,E1_NbSe2_Bi,Nb2Se4X2,Nb2Se4X2,104400,,4298cfd0-ccab-48ac-84c3-2441c648464f,486c86875ca4e22cc1ce53c8add054f8ab825bab7e303cb4de8ebf51881fff64,"[41, 41, 34, 34, 34, 34, 0, 0]",8,2,False,2,"{""code_family"": ""standard"", ""nspin"": 2, ""soc"": false, ""cpa"": false, ""lmax"": ""2"", ""ncheb"": null, ""mesh"": ""[548, 548, 563, 563, 563, 563, 534, 534]""}",False,False,False,0.0079975,True,True,True
E1,E1_NbSe2_Bi,Bi14X4,Bi14X4,95475,,f6e5b95d-933c-4ef3-904d-f5fa6eb31411,123b79cd6c909337971c62ba10a6fefa2182c8980d33057b7d7d1ca367161257,"[0, 0, 83, 83, 83, 83, 83, 83, 83, 83, 83, 83, 83, 83, 83, 83, 0, 0]",18,2,False,3,"{""code_family"": ""standard"", ""nspin"": 2, ""soc"": false, ""cpa"": false, ""lmax"": ""3"", ""ncheb"": null, ""mesh"": ""[609, 609, 609, 609, 609, 609, 609, 609, 609, 609, 609, 609, 609, 609, 609, 609, 609, 609]""}",False,False,False,8.8774e-07,True,True,True
E1,E1_NbSe2_Bi,Bi4X4,Bi4X4,92056,,4948a01c-1dc7-460c-b6e6-507d6d177b49,2a87309909c44269126a9929d4946bd44a8700d5b62fc08f6d86b35fd0d6287a,"[0, 0, 83, 83, 83, 83, 0, 0]",8,2,True,3,"{""code_family"": ""standard"", ""nspin"": 2, ""soc"": true, ""cpa"": false, ""lmax"": ""3"", ""ncheb"": ""12"", ""mesh"": ""[609, 609, 609, 609, 609, 609, 609, 609]""}",False,False,False,8.6634e-08,True,True,True
E1,E1_NbSe2_Bi,Bi4X4,Bi4X4,92203,,c402d2cc-e087-434e-9925-151bc7493405,3be8be98b83a3e9171787a403307df2bd3b8df462045a25152791fe2f45e2252,"[0, 0, 83, 83, 83, 83, 0, 0]",8,2,True,3,"{""code_family"": ""standard"", ""nspin"": 2, ""soc"": true, ""cpa"": false, ""lmax"": ""3"", ""ncheb"": ""12"", ""mesh"": ""[609, 609, 609, 609, 609, 609, 609, 609]""}",False,False,False,9.702e-08,True,True,True
E1,E1_NbSe2_Bi,Nb2Se4X2,Nb2Se4X2,105009,,9a3395b1-bbbb-44a2-9360-6a531f5ec879,f9a893dda8301f6f49c5f769f4dd73e0dbb5bd6f8a5b9cb05fe08557ab6ecf08,"[41, 41, 34, 34, 34, 34, 0, 0]",8,2,False,2,"{""code_family"": ""standard"", ""nspin"": 2, ""soc"": false, ""cpa"": false, ""lmax"": ""2"", ""ncheb"": null, ""mesh"": ""[548, 548, 563, 563, 563, 563, 534, 534]""}",False,False,False,0.0079975,True,True,True
E1,E1_NbSe2_Bi,Nb2Se4X2,Nb2Se4X2,104630,,af1b5f19-8f38-453e-a249-fb574a8b28d8,765a9f1979a0ebefcb0e1fd21ba81bc2845ffcbc816bfb27a6d943007be5c5ca,"[41, 41, 34, 34, 34, 34, 0, 0]",8,2,False,2,"{""code_family"": ""standard"", ""nspin"": 2, ""soc"": false, ""cpa"": false, ""lmax"": ""2"", ""ncheb"": null, ""mesh"": ""[548, 548, 563, 563, 563, 563, 534, 534]""}",False,False,False,3.7126e-06,True,True,True
E1,E1_NbSe2_Bi,Bi2X6,Bi2X6,92512,,067c2cec-33d3-4d0d-81de-aaab57f7d891,a7df24ad47c8d4975836d6e054904e9e4c3b69292c7de3a301674797070887cb,"[0, 0, 0, 83, 83, 0, 0, 0]",8,2,True,3,"{""code_family"": ""standard"", ""nspin"": 2, ""soc"": true, ""cpa"": false, ""lmax"": ""3"", ""ncheb"": ""12"", ""mesh"": ""[615, 615, 615, 615, 615, 615, 615, 615]""}",False,False,False,9.1542e-07,True,True,True
E1,E1_NbSe2_Bi,Bi2X6,Bi2X6,92515,,ab31f4ac-f2ca-446e-b93c-a0d70e19f6ab,4c6eb9ff0a17cb13c525919c2bcd993cdd45e1c1193d63eea17682ca858a580f,"[0, 0, 0, 83, 83, 0, 0, 0]",8,2,True,3,"{""code_family"": ""standard"", ""nspin"": 2, ""soc"": true, ""cpa"": false, ""lmax"": ""3"", ""ncheb"": ""12"", ""mesh"": ""[615, 615, 615, 615, 615, 615, 615, 615]""}",False,False,False,9.1542e-07,True,True,True
E1,E1_NbSe2_Bi,Bi16X4,Bi16X4,93174,,8f5e1c2c-de1a-4622-9da8-4029855ea28e,546f6be003bb9eab39b157d3223c34ec77e30ffd2c28fb43862eb389514ac1a0,"[0, 0, 83, 83, 83, 83, 83, 83, 83, 83, 83, 83, 83, 83, 83, 83, 83, 83, 0, 0]",20,2,True,3,"{""code_family"": ""standard"", ""nspin"": 2, ""soc"": true, ""cpa"": false, ""lmax"": ""3"", ""ncheb"": ""12"", ""mesh"": ""[609, 609, 609, 609, 609, 609, 609, 609, 609, 609, 609, 609, 609, 609, 609, 609, 609, 609, 609, 609]""}",False,False,False,7.4497e-07,True,True,True
E1,E1_NbSe2_Bi,Nb2Se4X2,Nb2Se4X2,104417,,9f9ddbf5-db1c-47dc-8858-24ee7bfcee1f,3d42dd286b45a44642bff96611d3f733b9054f27df767d264e51622743d44972,"[41, 41, 34, 34, 34, 34, 0, 0]",8,2,False,2,"{""code_family"": ""standard"", ""nspin"": 2, ""soc"": false, ""cpa"": false, ""lmax"": ""2"", ""ncheb"": null, ""mesh"": ""[548, 548, 563, 563, 563, 563, 534, 534]""}",False,False,False,7.6432e-06,True,True,True
E1,E1_NbSe2_Bi,Bi16X4,Bi16X4,93177,,7bd16f50-b871-46a2-a806-0949c69af4f5,f70d7b7af42917494c77d22ea6100357482f93baffa0283b68883d4d929f2c3f,"[0, 0, 83, 83, 83, 83, 83, 83, 83, 83, 83, 83, 83, 83, 83, 83, 83, 83, 0, 0]",20,2,True,3,"{""code_family"": ""standard"", ""nspin"": 2, ""soc"": true, ""cpa"": false, ""lmax"": ""3"", ""ncheb"": ""12"", ""mesh"": ""[623, 623, 623, 623, 623, 623, 623, 623, 623, 623, 623, 623, 623, 623, 623, 623, 623, 623, 623, 623]""}",False,False,False,7.909e-07,True,True,True
E1,E1_NbSe2_Bi,Bi2X8,Bi2X8,95580,,9ff6f8f6-c1e0-4468-b8dd-3337c21598ea,d127b6219ce150701459d70a5cd2c9b320ee6283bd0fde73b28ed2b9b2a04aa4,"[0, 0, 0, 0, 83, 83, 0, 0, 0, 0]",10,2,True,3,"{""code_family"": ""standard"", ""nspin"": 2, ""soc"": true, ""cpa"": false, ""lmax"": ""3"", ""ncheb"": ""12"", ""mesh"": ""[623, 623, 623, 623, 623, 623, 623, 623, 623, 623]""}",False,False,False,3.3516e-08,True,True,True
E1,E1_NbSe2_Bi,Bi2X4,Bi2X4,95626,,98f92b64-719d-4969-82ef-a86fdbac50a4,e1b8f3f084969bb9ed4fa4cd74978b6c069ca1bfcf32598d42710ee84731df7b,"[0, 0, 83, 83, 0, 0]",6,2,True,3,"{""code_family"": ""standard"", ""nspin"": 2, ""soc"": true, ""cpa"": false, ""lmax"": ""3"", ""ncheb"": ""12"", ""mesh"": ""[609, 609, 609, 609, 609, 609]""}",False,False,False,4.4007e-08,True,True,True
E1,E1_NbSe2_Bi,Bi14X4,Bi14X4,95361,,2c4433af-a4be-4118-8e7a-1c10c67288ac,c5d234ec6dc73dce0c7edeafd853a948014f593af0e8ff65b9eb8a8c51e2d585,"[0, 0, 83, 83, 83, 83, 83, 83, 83, 83, 83, 83, 83, 83, 83, 83, 0, 0]",18,2,True,3,"{""code_family"": ""standard"", ""nspin"": 2, ""soc"": true, ""cpa"": false, ""lmax"": ""3"", ""ncheb"": ""12"", ""mesh"": ""[609, 609, 609, 609, 609, 609, 609, 609, 609, 609, 609, 609, 609, 609, 609, 609, 609, 609]""}",False,False,False,5.9383e-07,True,True,True
E1,E1_NbSe2_Bi,Nb2Se4X2,Nb2Se4X2,104783,,1b46f6b8-516d-46f0-9897-6cd95df9c21e,912073cc4cbb4303c7083e65b0a901f5e4b7ad41a99ba07474ad0a0c1f6a6cee,"[41, 41, 34, 34, 34, 34, 0, 0]",8,2,False,2,"{""code_family"": ""standard"", ""nspin"": 2, ""soc"": false, ""cpa"": false, ""lmax"": ""2"", ""ncheb"": null, ""mesh"": ""[548, 548, 563, 563, 563, 563, 534, 534]""}",False,False,False,0.0079862,True,True,True
E1,E1_NbSe2_Bi,Nb2Se4X2,Nb2Se4X2,104773,,3688753d-7f62-4e24-b0a2-fca3981426e4,5ed724756bd8911776e690e6956057f6e222422a26dcab33c76d50b56e91f8a9,"[41, 41, 34, 34, 34, 34, 0, 0]",8,2,False,2,"{""code_family"": ""standard"", ""nspin"": 2, ""soc"": false, ""cpa"": false, ""lmax"": ""2"", ""ncheb"": null, ""mesh"": ""[548, 548, 563, 563, 563, 563, 534, 534]""}",False,False,False,0.0079987,True,True,True
E1,E1_NbSe2_Bi,Nb2Se4X2,Nb2Se4X2,104819,,04658236-c72a-45c7-bdb5-e2d5cd5af56e,9bdcfe5ee9c3360bbe10557fb605c35704ef0e6412bb0f6264db2f9bdd16aa1f,"[41, 41, 34, 34, 34, 34, 0, 0]",8,2,False,2,"{""code_family"": ""standard"", ""nspin"": 2, ""soc"": false, ""cpa"": false, ""lmax"": ""2"", ""ncheb"": null, ""mesh"": ""[548, 548, 563, 563, 563, 563, 534, 534]""}",False,False,False,3.6336e-06,True,True,True
E1,E1_NbSe2_Bi,Bi12Nb40X32,Bi12Nb40X32,105262,,c86b7adf-9a5e-4f5e-befe-f4ac266190c6,6cf84b4eb951246fedd808100e7d0788544e54164583ec1fe3f0896b247be17a,"[0, 0, 0, 0, 0, 0, 0, 0, 0, 0, 0, 0, 0, 0, 0, 0, 41, 41, 41, 41, 41, 41, 41, 41, 41, 41, 41, 41, 41, 41, 41, 41, 41, 41, 41, 41, 41, 41, 41, 41, 41, 41, 41, 41, 41, 41, 41, 41, 41, 41, 41, 41, 41, 41, 41, 41, 83, 83, 83, 83, 83, 83, 83, 83, 83, 83, 83, 83, 0, 0, 0, 0, 0, 0, 0, 0, 0, 0, 0, 0, 0, 0, 0, 0]",84,1,False,3,"{""code_family"": ""standard"", ""nspin"": 1, ""soc"": false, ""cpa"": false, ""lmax"": ""3"", ""ncheb"": null, ""mesh"": ""[484, 484, 484, 484, 484, 484, 484, 484, 484, 484, 484, 484, 484, 484, 484, 484, 484, 484, 484, 484, 484, 484, 484, 484, 484, 484, 484, 484, 484, 484, 484, 484, 484, 484, 484, 484, 484, 484, 484, 484, 484, 484, 484, 484, 484, 484, 484, 484, 524, 578, 552, 578, 579, 573, 580, 579, 630, 639, 639, 654, 616, 654, 641, 711, 711, 690, 691, 690, 536, 591, 537, 591, 573, 568, 568, 573, 484, 484, 484, 484, 484, 484, 484, 484]""}",False,False,False,0.29892,True,True,False
E1,E1_NbSe2_Bi,Nb2Se4X2,Nb2Se4X2,104789,,245eeee1-ffff-43aa-8670-7c579cad9b7f,7b471994fa4144153acc8774a40fbbf607fcbd7cf95436b065d42c80a700d6ba,"[41, 41, 34, 34, 34, 34, 0, 0]",8,2,False,2,"{""code_family"": ""standard"", ""nspin"": 2, ""soc"": false, ""cpa"": false, ""lmax"": ""2"", ""ncheb"": null, ""mesh"": ""[548, 548, 563, 563, 563, 563, 534, 534]""}",False,False,False,0.007942,True,True,True
E1,E1_NbSe2_Bi,Nb2Se4X2,Nb2Se4X2,49,,0e418183-2684-4f45-8ed1-5ad7c7219efe,4f9218be5ba76f8bb635bf6d653034e97369f6692f920b54ed89963b7edb427b,"[41, 41, 34, 34, 34, 34, 0, 0]",8,2,False,3,"{""code_family"": ""standard"", ""nspin"": 2, ""soc"": false, ""cpa"": false, ""lmax"": ""3"", ""ncheb"": null, ""mesh"": ""[548, 548, 563, 563, 563, 563, 534, 534]""}",False,False,False,6.2319e-07,True,True,True
E1,E1_NbSe2_Bi,Nb2Se4X2,Nb2Se4X2,113,,1d9c9eeb-7f5b-46ae-a0cb-506ae9e68323,c896fe9ba3654535dd33677a95034f263bc98a52971e923877909246087c84da,"[41, 41, 34, 34, 34, 34, 0, 0]",8,2,False,3,"{""code_family"": ""standard"", ""nspin"": 2, ""soc"": false, ""cpa"": false, ""lmax"": ""3"", ""ncheb"": null, ""mesh"": ""[548, 548, 563, 563, 563, 563, 534, 534]""}",False,False,False,6.7907e-07,True,True,True
E1,E1_NbSe2_Bi,Nb2Se4X2,Nb2Se4X2,141,,26159763-c75c-4287-a95f-c78b89d72e2b,c20579fe403bc1f024622fd6ca42a131447addd5ac94d8e386fc3b59fb8d5b1c,"[41, 41, 34, 34, 34, 34, 0, 0]",8,2,False,3,"{""code_family"": ""standard"", ""nspin"": 2, ""soc"": false, ""cpa"": false, ""lmax"": ""3"", ""ncheb"": null, ""mesh"": ""[548, 548, 563, 563, 563, 563, 534, 534]""}",False,False,False,0.0071306,True,True,True
E1,E1_NbSe2_Bi,Nb2Se4X2,Nb2Se4X2,152,,2820dfc7-6fa7-4106-895f-23c701cf77fd,54cfd9188ea16641792ffe33a345b8414bb910cc21f76d133ed7c41fad90f2d3,"[41, 41, 34, 34, 34, 34, 0, 0]",8,2,False,3,"{""code_family"": ""standard"", ""nspin"": 2, ""soc"": false, ""cpa"": false, ""lmax"": ""3"", ""ncheb"": null, ""mesh"": ""[548, 548, 563, 563, 563, 563, 534, 534]""}",False,False,False,9.0363e-09,True,True,True
E1,E1_NbSe2_Bi,Nb2Se4X10,Nb2Se4X10,226,,3908b746-60c9-4de7-830c-89e1acc81a94,15f3d3cfe234cdcc8adf39178e8fe5fe74555cd63adbc5b074e5f64c536e74da,"[0, 0, 0, 0, 0, 34, 41, 34, 0, 34, 41, 34, 0, 0, 0, 0]",16,2,True,3,"{""code_family"": ""standard"", ""nspin"": 2, ""soc"": true, ""cpa"": false, ""lmax"": ""3"", ""ncheb"": ""12"", ""mesh"": ""[534, 563, 548, 563, 534, 563, 548, 563, 534, 563, 548, 563, 534, 563, 548, 563]""}",False,False,False,6.3783e-07,True,True,True
E1,E1_NbSe2_Bi,Nb2Se4X2,Nb2Se4X2,254,,3ff2bc86-0f4a-41b3-9088-0cd0d7f45345,234d1dfe0c82de1bc8a403f9956e0a8c112705820f912a9e4efadd911f2d24a8,"[41, 41, 34, 34, 34, 34, 0, 0]",8,2,False,3,"{""code_family"": ""standard"", ""nspin"": 2, ""soc"": false, ""cpa"": false, ""lmax"": ""3"", ""ncheb"": null, ""mesh"": ""[548, 548, 563, 563, 563, 563, 534, 534]""}",False,False,False,0.0079455,True,True,True
E1,E1_NbSe2_Bi,Nb2Se4X10,Nb2Se4X10,360,,5c622aea-f85f-4f38-a13c-769bff65614b,e824d219507b412579d0c5695e754eec1f233b7168d2c721d2d1e87935bddf46,"[0, 0, 0, 0, 0, 34, 41, 34, 0, 34, 41, 34, 0, 0, 0, 0]",16,2,True,3,"{""code_family"": ""standard"", ""nspin"": 2, ""soc"": true, ""cpa"": false, ""lmax"": ""3"", ""ncheb"": ""12"", ""mesh"": ""[534, 563, 548, 563, 534, 563, 548, 563, 534, 563, 548, 563, 534, 563, 548, 563]""}",False,False,False,0.0079812,True,True,True
E1,E1_NbSe2_Bi,Nb2Se4X2,Nb2Se4X2,478,,7bb80081-900e-41dc-a653-440c5ba2b9c6,1e85edd17cf179022dbbb49fb71d13d11dc90b3c5a202d50300c5cba85846a81,"[41, 41, 34, 34, 34, 34, 0, 0]",8,2,False,3,"{""code_family"": ""standard"", ""nspin"": 2, ""soc"": false, ""cpa"": false, ""lmax"": ""3"", ""ncheb"": null, ""mesh"": ""[548, 548, 563, 563, 563, 563, 534, 534]""}",False,False,False,2.0568e-07,True,True,True
E1,E1_NbSe2_Bi,Nb2Se4X10,Nb2Se4X10,521,,83697fa4-9e43-467d-8d1c-5b0588dfd683,41fb6faf9c1b28de088726ad8a7b0b1ca4fcfabfa4ce3dca6702286a41efc64b,"[0, 0, 0, 0, 0, 34, 41, 34, 0, 34, 41, 34, 0, 0, 0, 0]",16,2,False,3,"{""code_family"": ""standard"", ""nspin"": 2, ""soc"": false, ""cpa"": false, ""lmax"": ""3"", ""ncheb"": null, ""mesh"": ""[534, 563, 548, 563, 534, 563, 548, 563, 534, 563, 548, 563, 534, 563, 548, 563]""}",False,False,False,7.0496e-08,True,True,True
E1,E1_NbSe2_Bi,Nb2Se4X2,Nb2Se4X2,574,,913bd580-e8ce-4b45-8e32-03cca559ee65,2929fa755329889a6fc615897a91fd6afe2a1b450354bb669a9cae073fdfb7fa,"[41, 41, 34, 34, 34, 34, 0, 0]",8,2,False,3,"{""code_family"": ""standard"", ""nspin"": 2, ""soc"": false, ""cpa"": false, ""lmax"": ""3"", ""ncheb"": null, ""mesh"": ""[548, 548, 563, 563, 563, 563, 534, 534]""}",False,False,False,0.0074269,True,True,True
E1,E1_NbSe2_Bi,Nb2Se4X2,Nb2Se4X2,666,,a7f303db-02c6-4be6-b59a-8673de3ac217,593c1343c80a8913519b911583d9cf9baf03b4668f4e360ee5d6d22e0012a110,"[41, 41, 34, 34, 34, 34, 0, 0]",8,2,False,3,"{""code_family"": ""standard"", ""nspin"": 2, ""soc"": false, ""cpa"": false, ""lmax"": ""3"", ""ncheb"": null, ""mesh"": ""[548, 548, 563, 563, 563, 563, 534, 534]""}",False,False,False,0.007982,True,True,True
E1,E1_NbSe2_Bi,Nb2Se4X2,Nb2Se4X2,696,,b1042b6f-7a17-4b16-ae38-a887c40fd4a8,280c5100bd00a531e9d260dfa8be57fd390761c07922746ab3f288994720c185,"[41, 41, 34, 34, 34, 34, 0, 0]",8,2,False,3,"{""code_family"": ""standard"", ""nspin"": 2, ""soc"": false, ""cpa"": false, ""lmax"": ""3"", ""ncheb"": null, ""mesh"": ""[548, 548, 563, 563, 563, 563, 534, 534]""}",False,False,False,4.3708e-07,True,True,True
E1,E1_NbSe2_Bi,Nb2Se4X2,Nb2Se4X2,828,,d30ac503-2436-4d48-84af-48153a38bfe7,659484554454bb62cb2a77e79340c3d68056eb39119a3e59f2d3ff2b8b99b173,"[41, 41, 34, 34, 34, 34, 0, 0]",8,2,False,3,"{""code_family"": ""standard"", ""nspin"": 2, ""soc"": false, ""cpa"": false, ""lmax"": ""3"", ""ncheb"": null, ""mesh"": ""[548, 548, 563, 563, 563, 563, 534, 534]""}",False,False,False,4.4656e-07,True,True,True
E1,E1_NbSe2_Bi,Nb2Se4X2,Nb2Se4X2,829,,d36d5d9c-acb4-4422-a101-ec6b3609a270,33d4ef3679531d266fb84714ff8882b79e9fe32ba82865189bad6f9d7db5264c,"[41, 41, 34, 34, 34, 34, 0, 0]",8,2,False,3,"{""code_family"": ""standard"", ""nspin"": 2, ""soc"": false, ""cpa"": false, ""lmax"": ""3"", ""ncheb"": null, ""mesh"": ""[548, 548, 563, 563, 563, 563, 534, 534]""}",False,False,False,0.0078894,True,True,True
E1,E1_NbSe2_Bi,Nb2Se4X10,Nb2Se4X10,840,,d61c8fce-70a4-4faf-b8a1-b199c26cfb94,a5121c5c332d3d75458feefb423d1b6017b0b0df665f7cc44bbfd1ab6edb3d4a,"[0, 0, 0, 0, 0, 34, 41, 34, 0, 34, 41, 34, 0, 0, 0, 0]",16,2,False,3,"{""code_family"": ""standard"", ""nspin"": 2, ""soc"": false, ""cpa"": false, ""lmax"": ""3"", ""ncheb"": null, ""mesh"": ""[534, 563, 548, 563, 534, 563, 548, 563, 534, 563, 548, 563, 534, 563, 548, 563]""}",False,False,False,0.0079935,True,True,True
E1,E1_NbSe2_Bi,Nb2Se4X2,Nb2Se4X2,853,,dac97d0f-2d58-4562-a67d-732eaf915840,0dcd3308535f39742b14f14e686dc86b052ceeb429eacfae9b7a48a05b413012,"[41, 41, 34, 34, 34, 34, 0, 0]",8,2,False,3,"{""code_family"": ""standard"", ""nspin"": 2, ""soc"": false, ""cpa"": false, ""lmax"": ""3"", ""ncheb"": null, ""mesh"": ""[548, 548, 563, 563, 563, 563, 534, 534]""}",False,False,False,0.0079821,True,True,True
E1,E1_NbSe2_Bi,Nb2Se4X2,Nb2Se4X2,913,,e77ce513-901b-46a9-bbba-fdbc631be838,66c1faf2672eed703c3b0e4154dc5c71a4b88f82404d189ad2f2600454fb757b,"[41, 41, 34, 34, 34, 34, 0, 0]",8,2,False,3,"{""code_family"": ""standard"", ""nspin"": 2, ""soc"": false, ""cpa"": false, ""lmax"": ""3"", ""ncheb"": null, ""mesh"": ""[548, 548, 563, 563, 563, 563, 534, 534]""}",False,False,False,0.0078096,True,True,True
E1,E1_NbSe2_Bi,Nb2Se4X2,Nb2Se4X2,952,,f22b5df3-870f-46ca-8e77-9890a0ac4910,49c6e4495f59bb91909b3d8eb6c439698035907d6c4f3f72f53662a8926459ca,"[41, 41, 34, 34, 34, 34, 0, 0]",8,2,False,3,"{""code_family"": ""standard"", ""nspin"": 2, ""soc"": false, ""cpa"": false, ""lmax"": ""3"", ""ncheb"": null, ""mesh"": ""[548, 548, 563, 563, 563, 563, 534, 534]""}",False,False,False,0.007982,True,True,True
E1,E1_NbSe2_Bi,Nb2Se4X2,Nb2Se4X2,994,,fd967cd6-dd93-4f4e-82fd-48a2df8dd69e,8b2adcf5727e42393be7211999fdd830ee8da9f5d3bd32dbdc65f0c5e6e125ec,"[41, 41, 34, 34, 34, 34, 0, 0]",8,2,False,3,"{""code_family"": ""standard"", ""nspin"": 2, ""soc"": false, ""cpa"": false, ""lmax"": ""3"", ""ncheb"": null, ""mesh"": ""[548, 548, 563, 563, 563, 563, 534, 534]""}",False,False,False,4.1384e-07,True,True,True
E1,E1_NbSe2_Bi,Nb2Se4X2,Nb2Se4X2,1754,,c51b3dbf-9c90-4a35-ae52-ea6048c821fc,cf9b1e59338833b0eff476323ab280ddfa3e037131da425e250894e29de549a3,"[41, 41, 34, 34, 34, 34, 0, 0]",8,2,False,2,"{""code_family"": ""standard"", ""nspin"": 2, ""soc"": false, ""cpa"": false, ""lmax"": ""2"", ""ncheb"": null, ""mesh"": ""[548, 548, 563, 563, 563, 563, 534, 534]""}",False,False,False,3.0542e-07,True,True,True
E1,E1_NbSe2_Bi,Nb2Se4X2,Nb2Se4X2,1979,,fa61588d-7c32-4d1a-a1cc-e75e33c45ef1,3eb4f81699685a677ff5173106d6fad1887be7c47be2f6fe6c85cf19f94ec9c0,"[41, 41, 34, 34, 34, 34, 0, 0]",8,2,False,2,"{""code_family"": ""standard"", ""nspin"": 2, ""soc"": false, ""cpa"": false, ""lmax"": ""2"", ""ncheb"": null, ""mesh"": ""[548, 548, 563, 563, 563, 563, 534, 534]""}",False,False,False,0.0077872,True,True,True
E1,E1_NbSe2_Bi,Nb2Se4X2,Nb2Se4X2,103701,,d174f7a4-debe-452c-a77a-285ea5338b37,a6d4cdfe964b90b40d7e7111b756fb8b422c34f2bc89cd19fa47bfe9dcfebadf,"[41, 41, 34, 34, 34, 34, 0, 0]",8,2,False,2,"{""code_family"": ""standard"", ""nspin"": 2, ""soc"": false, ""cpa"": false, ""lmax"": ""2"", ""ncheb"": null, ""mesh"": ""[548, 548, 563, 563, 563, 563, 534, 534]""}",False,False,False,0.0079862,True,True,True
E1,E1_NbSe2_Bi,Bi3X6,Bi3X6,15025,,09b005c3-5d01-4245-8fb1-bd7dbc9a5b81,544e8356238c9452f00bfcfe875b904d97ced3187d2205e6ece7b087082bdfec,"[0, 0, 0, 83, 83, 83, 0, 0, 0]",9,2,True,3,"{""code_family"": ""standard"", ""nspin"": 2, ""soc"": true, ""cpa"": false, ""lmax"": ""3"", ""ncheb"": ""12"", ""mesh"": ""[615, 615, 615, 615, 615, 615, 615, 615, 615]""}",False,False,False,3.9912e-07,True,True,True
E1,E1_NbSe2_Bi,Bi3X6,Bi3X6,15053,,11ff000d-e9ef-43a8-98d7-614650d6f54d,d9f18ffddfec770d2076f31aba1073719a3d91d7ebbdec39e7265d5beaa331ac,"[0, 0, 0, 83, 83, 83, 0, 0, 0]",9,2,False,3,"{""code_family"": ""standard"", ""nspin"": 2, ""soc"": false, ""cpa"": false, ""lmax"": ""3"", ""ncheb"": ""12"", ""mesh"": ""[615, 615, 615, 615, 615, 615, 615, 615, 615]""}",False,False,False,8.7175e-07,True,True,True
E1,E1_NbSe2_Bi,Bi2Te3,Bi2Te3,15072,,16755eb1-d151-4142-8cb3-e2b164d1aa7c,df0650a21f0ff6b48ae95b8daaf9a0190e95278b44dad1efc6da9e4ea9cb2f50,"[83, 83, 52, 52, 52]",5,2,False,3,"{""code_family"": ""standard"", ""nspin"": 2, ""soc"": false, ""cpa"": false, ""lmax"": ""3"", ""ncheb"": null, ""mesh"": ""[604, 604, 640, 640, 584]""}",False,False,False,9.8907e-07,True,True,True
E1,E1_NbSe2_Bi,Bi3X6,Bi3X6,15164,,2f870c78-c4a9-4861-b4a6-235fc32a08ad,dac84413826e5bdb0793b8de61a6a02b2eb987565deb101f776ea5a9c0e26fd0,"[0, 0, 0, 83, 83, 83, 0, 0, 0]",9,2,True,3,"{""code_family"": ""standard"", ""nspin"": 2, ""soc"": true, ""cpa"": false, ""lmax"": ""3"", ""ncheb"": ""12"", ""mesh"": ""[615, 615, 615, 615, 615, 615, 615, 615, 615]""}",False,False,False,4.795e-07,True,True,True
E1,E1_NbSe2_Bi,Bi3X6,Bi3X6,15337,,5ccc051f-73b8-4ae8-aa5c-aa8af5597805,0b7f784ddd960faa351a86b8f9f8d967767e199321edda0a8bb5e74e0e912804,"[0, 0, 0, 83, 83, 83, 0, 0, 0]",9,2,False,3,"{""code_family"": ""standard"", ""nspin"": 2, ""soc"": false, ""cpa"": false, ""lmax"": ""3"", ""ncheb"": ""12"", ""mesh"": ""[615, 615, 615, 615, 615, 615, 615, 615, 615]""}",False,False,False,9.5934e-07,True,True,True
E1,E1_NbSe2_Bi,Bi3X6,Bi3X6,15340,,5d7e0f1d-5c5d-454a-9275-9f08c7fbd923,261c38ecbf5e1110713f3ed4fa109486b18ea440eab4930c4d4c566a81015a31,"[0, 0, 0, 83, 83, 83, 0, 0, 0]",9,2,True,3,"{""code_family"": ""standard"", ""nspin"": 2, ""soc"": true, ""cpa"": false, ""lmax"": ""3"", ""ncheb"": ""12"", ""mesh"": ""[615, 615, 615, 615, 615, 615, 615, 615, 615]""}",False,False,False,0.0079308,True,True,True
E1,E1_NbSe2_Bi,Bi2,Bi2,15620,,a3b60b51-aab5-4df1-8716-16b70f138e72,3955036f6e8566826d8d80c05b0960828975cebb435481f9e0a33a9b99e4661e,"[83, 83]",2,2,False,3,"{""code_family"": ""standard"", ""nspin"": 2, ""soc"": false, ""cpa"": false, ""lmax"": ""3"", ""ncheb"": null, ""mesh"": ""[615, 615]""}",False,False,False,0.007978,True,True,True
E1,E1_NbSe2_Bi,Bi2,Bi2,15801,,d1b44460-938c-4bd0-a926-d724412714e3,5aec09ac37b85acc5ae295ce67e4bc8f12bdca26a5ec0f5d75cb1e8b0a1e01f6,"[83, 83]",2,2,False,3,"{""code_family"": ""standard"", ""nspin"": 2, ""soc"": false, ""cpa"": false, ""lmax"": ""3"", ""ncheb"": null, ""mesh"": ""[615, 615]""}",False,False,False,7.0577e-07,True,True,True
E1,E1_NbSe2_Bi,Bi2Te3,Bi2Te3,15887,,e8e30dd6-cb54-4fea-bf50-8230b32b67af,1e02b7fe11c30702b708b0bbf90727fc85ee0b9c046f384b8b1ea8008eb34749,"[83, 83, 52, 52, 52]",5,2,False,3,"{""code_family"": ""standard"", ""nspin"": 2, ""soc"": false, ""cpa"": false, ""lmax"": ""3"", ""ncheb"": null, ""mesh"": ""[604, 604, 640, 640, 584]""}",False,False,False,0.0078433,True,True,True
E1,E1_NbSe2_Bi,Bi2,Bi2,16020,,08e6278c-88be-4ba8-ada0-c40d892af942,c450bf83d9f07ca9bc1c0fd64ff1dccfb422d46d4a78d72610a4546ae6561902,"[83, 83]",2,2,False,3,"{""code_family"": ""standard"", ""nspin"": 2, ""soc"": false, ""cpa"": false, ""lmax"": ""3"", ""ncheb"": ""12"", ""mesh"": ""[615, 615]""}",False,False,False,2.1674e-07,True,True,True
E1,E1_NbSe2_Bi,Bi2X6,Bi2X6,16074,,1430eb5e-56cd-44a2-ba31-b9395ad44512,ed730b953e54ba143367b7adbd98a66faccfc361b2500099923c7afcc54083db,"[0, 0, 0, 83, 83, 0, 0, 0]",8,2,True,3,"{""code_family"": ""standard"", ""nspin"": 2, ""soc"": true, ""cpa"": false, ""lmax"": ""3"", ""ncheb"": ""12"", ""mesh"": ""[615, 615, 615, 615, 615, 615, 615, 615]""}",False,False,False,0.0079421,True,True,True
E1,E1_NbSe2_Bi,Bi2X6,Bi2X6,16179,,307bd33d-ccc6-44e8-a8b8-8ef022fa3d4c,202cc479cf2696a24935d3529b0a6c04a83a726f102db80312857eeae749c9c5,"[0, 0, 0, 83, 83, 0, 0, 0]",8,2,True,3,"{""code_family"": ""standard"", ""nspin"": 2, ""soc"": true, ""cpa"": false, ""lmax"": ""3"", ""ncheb"": ""12"", ""mesh"": ""[615, 615, 615, 615, 615, 615, 615, 615]""}",False,False,False,8.325e-07,True,True,True
E1,E1_NbSe2_Bi,Bi2X6,Bi2X6,16296,,4d04aaae-e81f-4301-92e6-ceab98e1a6bb,10d1926d065d5e510e98a7d913af6d122711534c0e10b6d1ef5bd02d6e529625,"[0, 0, 0, 83, 83, 0, 0, 0]",8,2,False,3,"{""code_family"": ""standard"", ""nspin"": 2, ""soc"": false, ""cpa"": false, ""lmax"": ""3"", ""ncheb"": ""12"", ""mesh"": ""[615, 615, 615, 615, 615, 615, 615, 615]""}",False,False,False,5.9879e-08,True,True,True
E1,E1_NbSe2_Bi,Bi3X6,Bi3X6,16341,,5a7388e3-f6d2-4ca7-ae88-62f5047db1c2,23355e0ea8243b20d211b8dbca5901eff4c75cba5acdb044b673566f776b2b79,"[0, 0, 0, 83, 83, 83, 0, 0, 0]",9,2,False,3,"{""code_family"": ""standard"", ""nspin"": 2, ""soc"": false, ""cpa"": false, ""lmax"": ""3"", ""ncheb"": ""12"", ""mesh"": ""[615, 615, 615, 615, 615, 615, 615, 615, 615]""}",False,False,False,5.8573e-07,True,True,True
E1,E1_NbSe2_Bi,Bi2X6,Bi2X6,16362,,61ed535b-e264-4729-94b1-d7c80b75edad,7d6c11a057517ad6f07cb2721a759219f8d62e51ddebed2d9e091ed895b0b200,"[0, 0, 0, 83, 83, 0, 0, 0]",8,2,True,3,"{""code_family"": ""standard"", ""nspin"": 2, ""soc"": true, ""cpa"": false, ""lmax"": ""3"", ""ncheb"": ""12"", ""mesh"": ""[615, 615, 615, 615, 615, 615, 615, 615]""}",False,False,False,8.887e-07,True,True,True
E1,E1_NbSe2_Bi,Bi2,Bi2,16507,,85aaa06d-e94c-4fc7-b7f3-5b2248aa9b17,94acf62781c4f30d8de6959837f9d464e4d2dfbe2acd07c1e40b381672c2621e,"[83, 83]",2,2,True,3,"{""code_family"": ""standard"", ""nspin"": 2, ""soc"": true, ""cpa"": false, ""lmax"": ""3"", ""ncheb"": ""12"", ""mesh"": ""[615, 615]""}",False,False,False,1.2558e-07,True,True,True
E1,E1_NbSe2_Bi,Bi2X6,Bi2X6,16623,,a20fc15e-7ee0-42d9-ad57-412ace91978c,c3a53f7c12a4a2917b2769c404790b00fd24d379fb889953025681373f55528e,"[0, 0, 0, 83, 83, 0, 0, 0]",8,2,False,3,"{""code_family"": ""standard"", ""nspin"": 2, ""soc"": false, ""cpa"": false, ""lmax"": ""3"", ""ncheb"": ""12"", ""mesh"": ""[615, 615, 615, 615, 615, 615, 615, 615]""}",False,False,False,5.0525e-07,True,True,True
E1,E1_NbSe2_Bi,Bi2,Bi2,16823,,d8a0dd93-2c8e-4cad-ab15-653f68e53031,2c69793d8550034330a7e06ea35a223255156132284478fc8a089eeecd79c33c,"[83, 83]",2,2,False,3,"{""code_family"": ""standard"", ""nspin"": 2, ""soc"": false, ""cpa"": false, ""lmax"": ""3"", ""ncheb"": ""12"", ""mesh"": ""[615, 615]""}",False,False,False,3.129e-07,True,True,True
E1,E1_NbSe2_Bi,Bi2,Bi2,16844,,de2a90a1-6b38-4889-83d4-08b88e097ca0,ae94185c86efc7509464f3467571fc7f1bb4827682653922241f4f98ab75aed2,"[83, 83]",2,2,False,3,"{""code_family"": ""standard"", ""nspin"": 2, ""soc"": false, ""cpa"": false, ""lmax"": ""3"", ""ncheb"": ""12"", ""mesh"": ""[615, 615]""}",False,False,False,6.625e-07,True,True,True
E1,E1_NbSe2_Bi,Bi2X6,Bi2X6,17043,,0d8a77a0-f61b-4f7c-899e-d4ab1cf1bb37,3f8e55f8139d0d6ae02e5682d700e367e02ab1021364a6a9eedfd445d0e0d5a7,"[0, 0, 0, 83, 83, 0, 0, 0]",8,2,False,3,"{""code_family"": ""standard"", ""nspin"": 2, ""soc"": false, ""cpa"": false, ""lmax"": ""3"", ""ncheb"": ""12"", ""mesh"": ""[615, 615, 615, 615, 615, 615, 615, 615]""}",False,False,False,5.0221e-07,True,True,True
E1,E1_NbSe2_Bi,Bi2X6,Bi2X6,17458,,7a9e5b90-30c5-4af6-a1c5-8e5f3e01b80d,93285f05a00001d7a3a8db6286bbf3d085a55b721661190f9364ac677e5c9e91,"[0, 0, 0, 83, 83, 0, 0, 0]",8,2,True,3,"{""code_family"": ""standard"", ""nspin"": 2, ""soc"": true, ""cpa"": false, ""lmax"": ""3"", ""ncheb"": ""12"", ""mesh"": ""[615, 615, 615, 615, 615, 615, 615, 615]""}",False,False,False,8.887e-07,True,True,True
E1,E1_NbSe2_Bi,Bi2X6,Bi2X6,17500,,8684b722-415e-477f-a137-ba1a4334092e,456928b9c08fe28bcf64d886d2d23cd7c0494379b6f92aac5fa6572bd1af7192,"[0, 0, 0, 83, 83, 0, 0, 0]",8,2,True,3,"{""code_family"": ""standard"", ""nspin"": 2, ""soc"": true, ""cpa"": false, ""lmax"": ""3"", ""ncheb"": ""12"", ""mesh"": ""[615, 615, 615, 615, 615, 615, 615, 615]""}",False,False,False,0.0079421,True,True,True
E1,E1_NbSe2_Bi,Bi2X6,Bi2X6,17875,,e6dae61d-23d0-43af-a070-53abfd165532,b0e5b16d374e70c7c792024ef0e0ab2c02b0c35ab1a2d119b86ef9c494afdefc,"[0, 0, 0, 83, 83, 0, 0, 0]",8,2,True,3,"{""code_family"": ""standard"", ""nspin"": 2, ""soc"": true, ""cpa"": false, ""lmax"": ""3"", ""ncheb"": ""12"", ""mesh"": ""[615, 615, 615, 615, 615, 615, 615, 615]""}",False,False,False,8.1967e-07,True,True,True
E1,E1_NbSe2_Bi,Bi4X4,Bi4X4,24218,,dd0ebcc9-6c92-4b9d-853c-bde09adf37ee,1c298d68a84993ec0225b15235d23791f867fa546c289322e23e80b5cdb9e973,"[0, 0, 83, 83, 83, 83, 0, 0]",8,2,False,3,"{""code_family"": ""standard"", ""nspin"": 2, ""soc"": false, ""cpa"": false, ""lmax"": ""3"", ""ncheb"": null, ""mesh"": ""[619, 619, 619, 619, 619, 619, 619, 619]""}",False,False,False,9.995e-08,True,True,True
E1,E1_NbSe2_Bi,Bi2X4,Bi2X4,23979,,feefc901-529b-4912-ac46-7e5b331e4e4d,894f57d3e6c289d255e321f8a9449a4bb7a878e824cc2b14cf410a637b5fec5c,"[0, 0, 83, 83, 0, 0]",6,2,False,3,"{""code_family"": ""standard"", ""nspin"": 2, ""soc"": false, ""cpa"": false, ""lmax"": ""3"", ""ncheb"": null, ""mesh"": ""[619, 619, 619, 619, 619, 619]""}",False,False,False,0.0079933,True,True,True
E1,E1_NbSe2_Bi,Bi4X4,Bi4X4,24290,,2c90834a-5469-4ddf-a7ba-94f952e1bd6e,3cfe1625670cbf8a1409e6ecabfdd9c0c1610dafa745f3fcb68a723fd72dee0a,"[0, 0, 83, 83, 83, 83, 0, 0]",8,2,True,3,"{""code_family"": ""standard"", ""nspin"": 2, ""soc"": true, ""cpa"": false, ""lmax"": ""3"", ""ncheb"": ""12"", ""mesh"": ""[619, 619, 619, 619, 619, 619, 619, 619]""}",False,False,False,1.5013e-08,True,True,True
E1,E1_NbSe2_Bi,Bi2X4,Bi2X4,23985,,476cc06d-5964-4ae7-b22f-e917491486ed,8d9ad589c0c0c5e4f81bb2e1fdfb1e98c498ba6af504900af791188f6a66027a,"[0, 0, 83, 83, 0, 0]",6,2,False,3,"{""code_family"": ""standard"", ""nspin"": 2, ""soc"": false, ""cpa"": false, ""lmax"": ""3"", ""ncheb"": null, ""mesh"": ""[650, 650, 650, 650, 650, 650]""}",False,False,False,6.7434e-08,True,True,True
E1,E1_NbSe2_Bi,Bi2X4,Bi2X4,23990,,7d7c9532-8720-4cba-887f-18a65c9f2d67,7dfc3c2bc41b94d9936248d4ac37d5aaad578c3010835209c5a70ce1d0d85faa,"[0, 0, 83, 83, 0, 0]",6,2,False,3,"{""code_family"": ""standard"", ""nspin"": 2, ""soc"": false, ""cpa"": false, ""lmax"": ""3"", ""ncheb"": null, ""mesh"": ""[650, 650, 650, 650, 650, 650]""}",False,False,False,0.0079973,True,True,True
E1,E1_NbSe2_Bi,Bi2X4,Bi2X4,23998,,d532d8a2-f380-4dd2-8ef4-444d337c1e38,f2e438a66c91623ac303d2d4f27ee0f6c1491f2aaf54c1d2a797b1cac6c14308,"[0, 0, 83, 83, 0, 0]",6,2,False,3,"{""code_family"": ""standard"", ""nspin"": 2, ""soc"": false, ""cpa"": false, ""lmax"": ""3"", ""ncheb"": null, ""mesh"": ""[619, 619, 619, 619, 619, 619]""}",False,False,False,8.005e-07,True,True,True
E1,E1_NbSe2_Bi,Bi2X4,Bi2X4,24194,,ac4101b5-9ffe-4049-a266-d352f0c21e6e,c9c0aa34fd68c224745a3202b7f60127090f97be45f89855a90c5a4eb107a1a2,"[0, 0, 83, 83, 0, 0]",6,2,True,3,"{""code_family"": ""standard"", ""nspin"": 2, ""soc"": true, ""cpa"": false, ""lmax"": ""3"", ""ncheb"": ""12"", ""mesh"": ""[650, 650, 650, 650, 650, 650]""}",False,False,False,5.9748e-08,True,True,True
E1,E1_NbSe2_Bi,Bi2X4,Bi2X4,24023,,2580ee3e-a173-491f-8bd9-8cedc1af43ea,a7deb3af955f7ed0c9b51827daa2c33d3bbfc13212993f4ce22135bb30165a5c,"[0, 0, 83, 83, 0, 0]",6,2,False,3,"{""code_family"": ""standard"", ""nspin"": 2, ""soc"": false, ""cpa"": false, ""lmax"": ""3"", ""ncheb"": null, ""mesh"": ""[619, 619, 619, 619, 619, 619]""}",False,False,False,8.2051e-07,True,True,True
E1,E1_NbSe2_Bi,Bi2X4,Bi2X4,24034,,74e437c5-64ae-4b2f-9b66-95eadcd7b631,3dc2d24002c11b1cb02e357c9921a8a9f60d067493a4c03b173566d25e174d92,"[0, 0, 83, 83, 0, 0]",6,2,True,3,"{""code_family"": ""standard"", ""nspin"": 2, ""soc"": true, ""cpa"": false, ""lmax"": ""3"", ""ncheb"": ""12"", ""mesh"": ""[619, 619, 619, 619, 619, 619]""}",False,False,False,2.3688e-08,True,True,True
E1,E1_NbSe2_Bi,Bi2X4,Bi2X4,24042,,02b2f9e2-4085-4dcb-baae-4d853a5e4f2c,0ea12eb558480701eb7961fbefae386fd01b30a505cf2057dd8055c565010759,"[0, 0, 83, 83, 0, 0]",6,2,False,3,"{""code_family"": ""standard"", ""nspin"": 2, ""soc"": false, ""cpa"": false, ""lmax"": ""3"", ""ncheb"": null, ""mesh"": ""[650, 650, 650, 650, 650, 650]""}",False,False,False,9.4553e-07,True,True,True
E1,E1_NbSe2_Bi,Bi4X4,Bi4X4,24125,,601eadaa-6706-4ab3-bd3a-aeff2f18ef38,1bd3eb993a8ff7d98c127a71dae5f3ed61d2dbd601dc9bfae2d2fe5488db1890,"[0, 0, 83, 83, 83, 83, 0, 0]",8,2,False,3,"{""code_family"": ""standard"", ""nspin"": 2, ""soc"": false, ""cpa"": false, ""lmax"": ""3"", ""ncheb"": null, ""mesh"": ""[619, 619, 619, 619, 619, 619, 619, 619]""}",False,False,False,9.8697e-08,True,True,True
E1,E1_NbSe2_Bi,Bi4X4,Bi4X4,24249,,e0ac4841-579e-4596-a08a-37f95775ab6d,db73ade96fe21ca410aa8cc18d14762cdac6e13cca5dbe9508899b4f0ca6ce7b,"[0, 0, 83, 83, 83, 83, 0, 0]",8,2,True,3,"{""code_family"": ""standard"", ""nspin"": 2, ""soc"": true, ""cpa"": false, ""lmax"": ""3"", ""ncheb"": ""12"", ""mesh"": ""[650, 650, 650, 650, 650, 650, 650, 650]""}",False,False,False,8.9755e-08,True,True,True
E1,E1_NbSe2_Bi,Bi4X4,Bi4X4,24204,,e3f36d1f-fe1e-49fe-b685-5466112339fd,10e621ae45fc0bd558a34864ed872a9e73a3c47bbb832c8dffd3ce626b153205,"[0, 0, 83, 83, 83, 83, 0, 0]",8,2,False,3,"{""code_family"": ""standard"", ""nspin"": 2, ""soc"": false, ""cpa"": false, ""lmax"": ""3"", ""ncheb"": null, ""mesh"": ""[619, 619, 619, 619, 619, 619, 619, 619]""}",False,False,False,7.4092e-08,True,True,True
E1,E1_NbSe2_Bi,Bi2X4,Bi2X4,24237,,185441d0-33a1-4c86-b953-884bd3d6b327,eb84c15490a883e46608c8e6afe36ccb3570f4a23fddeff9c8221d537c96eb74,"[0, 0, 83, 83, 0, 0]",6,2,True,3,"{""code_family"": ""standard"", ""nspin"": 2, ""soc"": true, ""cpa"": false, ""lmax"": ""3"", ""ncheb"": ""12"", ""mesh"": ""[650, 650, 650, 650, 650, 650]""}",False,False,False,6.1796e-08,True,True,True
E1,E1_NbSe2_Bi,Bi4X4,Bi4X4,24074,,712c26c7-c12a-4523-8798-a5c42756d1ab,c57837dedf528fa0921f8861c98591d26575e70cfd46cac0b0345fab4e9fb663,"[0, 0, 83, 83, 83, 83, 0, 0]",8,2,False,3,"{""code_family"": ""standard"", ""nspin"": 2, ""soc"": false, ""cpa"": false, ""lmax"": ""3"", ""ncheb"": null, ""mesh"": ""[619, 619, 619, 619, 619, 619, 619, 619]""}",False,False,False,0.0079483,True,True,True
E1,E1_NbSe2_Bi,Bi4X4,Bi4X4,24080,,4f1d2812-990f-4224-9bb7-ad0a7dcfed69,d6fb9b3a786d5c132d33b71469f98fa94d3d86edbc91a6ea03eaf3bc9d941e98,"[0, 0, 83, 83, 83, 83, 0, 0]",8,2,False,3,"{""code_family"": ""standard"", ""nspin"": 2, ""soc"": false, ""cpa"": false, ""lmax"": ""3"", ""ncheb"": null, ""mesh"": ""[650, 650, 650, 650, 650, 650, 650, 650]""}",False,False,False,9.4844e-07,True,True,True
E1,E1_NbSe2_Bi,Bi2X4,Bi2X4,24011,,de80bce3-3a30-4148-a491-c757f1044702,0fe18594e4147b3a951526b45cb9afb62cdb4e518958ce0b2923c5310534690b,"[0, 0, 83, 83, 0, 0]",6,2,True,3,"{""code_family"": ""standard"", ""nspin"": 2, ""soc"": true, ""cpa"": false, ""lmax"": ""3"", ""ncheb"": ""12"", ""mesh"": ""[650, 650, 650, 650, 650, 650]""}",False,False,False,6.2226e-08,True,True,True
E1,E1_NbSe2_Bi,Bi4X4,Bi4X4,24087,,29945f4f-670b-449e-9cad-c85e1676ffeb,1226ac38ed8d9c1c1cd7c290884e435ee4c30d71763205f66cd4f16778bc5f44,"[0, 0, 83, 83, 83, 83, 0, 0]",8,2,False,3,"{""code_family"": ""standard"", ""nspin"": 2, ""soc"": false, ""cpa"": false, ""lmax"": ""3"", ""ncheb"": null, ""mesh"": ""[619, 619, 619, 619, 619, 619, 619, 619]""}",False,False,False,0.0079975,True,True,True
E1,E1_NbSe2_Bi,Bi4X4,Bi4X4,24308,,37fb2e8a-dc9b-4e95-ba37-c9a068122158,fcdc340bfd30c4b1f8ddbacf10fa7458280e9a5407829a2b502927106f675355,"[0, 0, 83, 83, 83, 83, 0, 0]",8,2,True,3,"{""code_family"": ""standard"", ""nspin"": 2, ""soc"": true, ""cpa"": false, ""lmax"": ""3"", ""ncheb"": ""12"", ""mesh"": ""[650, 650, 650, 650, 650, 650, 650, 650]""}",False,False,False,1.9543e-08,True,True,True
E1,E1_NbSe2_Bi,Bi4X4,Bi4X4,24100,,b0515c4d-6799-4acd-ae5d-5a8d5c5f4b38,04641f32fc84d5d2518047fc4fba80abb2b16def5d2ba13ed355e69a22a42e5e,"[0, 0, 83, 83, 83, 83, 0, 0]",8,2,False,3,"{""code_family"": ""standard"", ""nspin"": 2, ""soc"": false, ""cpa"": false, ""lmax"": ""3"", ""ncheb"": null, ""mesh"": ""[619, 619, 619, 619, 619, 619, 619, 619]""}",False,False,False,4.9792e-07,True,True,True
E1,E1_NbSe2_Bi,Bi4X4,Bi4X4,24116,,e584cff2-4122-4ff4-b866-8f080842fe66,630d80cadf3ecc1c5d0175ac551668cb69f4ba2c556e52ad094a89e9f8bd2228,"[0, 0, 83, 83, 83, 83, 0, 0]",8,2,False,3,"{""code_family"": ""standard"", ""nspin"": 2, ""soc"": false, ""cpa"": false, ""lmax"": ""3"", ""ncheb"": null, ""mesh"": ""[619, 619, 619, 619, 619, 619, 619, 619]""}",False,False,False,9.5335e-07,True,True,True
E1,E1_NbSe2_Bi,Bi4X4,Bi4X4,24090,,9b61d6b3-d274-41d7-b47c-4ad50a362efc,d5ffde4e28209df345ea2c9bff0d8a8bd06c0d033a384242645ce6c2d8f65af2,"[0, 0, 83, 83, 83, 83, 0, 0]",8,2,True,3,"{""code_family"": ""standard"", ""nspin"": 2, ""soc"": true, ""cpa"": false, ""lmax"": ""3"", ""ncheb"": ""12"", ""mesh"": ""[650, 650, 650, 650, 650, 650, 650, 650]""}",False,False,False,1.5974e-08,True,True,True
E1,E1_NbSe2_Bi,Bi4X4,Bi4X4,23935,,22301562-515e-4023-8e6a-8082a5fd4e2a,c60b98533e6b4ff4121f18bcfa41fa165ad03d27c08b166511ed2409eabe7406,"[0, 0, 83, 83, 83, 83, 0, 0]",8,2,False,3,"{""code_family"": ""standard"", ""nspin"": 2, ""soc"": false, ""cpa"": false, ""lmax"": ""3"", ""ncheb"": null, ""mesh"": ""[650, 650, 650, 650, 650, 650, 650, 650]""}",False,False,False,0.0079508,True,True,True
E1,E1_NbSe2_Bi,Bi2X4,Bi2X4,23908,,16aac291-9d5f-47d6-b60b-61ef4e447076,5e543b0eea3594dc6c876e8d91001db07486e704b54f6436f9cd660b5fb8c58d,"[0, 0, 83, 83, 0, 0]",6,2,False,3,"{""code_family"": ""standard"", ""nspin"": 2, ""soc"": false, ""cpa"": false, ""lmax"": ""3"", ""ncheb"": null, ""mesh"": ""[650, 650, 650, 650, 650, 650]""}",False,False,False,0.007964,True,True,True
E1,E1_NbSe2_Bi,Bi4X4,Bi4X4,24152,,8090fbbf-64b9-4f37-875d-62a5e47079f0,5db9d5c6054531dd2cb01030e5f1466bff0272bf484dee4c98634ec3b3e421f7,"[0, 0, 83, 83, 83, 83, 0, 0]",8,2,True,3,"{""code_family"": ""standard"", ""nspin"": 2, ""soc"": true, ""cpa"": false, ""lmax"": ""3"", ""ncheb"": ""12"", ""mesh"": ""[619, 619, 619, 619, 619, 619, 619, 619]""}",False,False,False,1.5984e-08,True,True,True
E1,E1_NbSe2_Bi,Bi2X4,Bi2X4,23948,,f68daa63-79bd-4906-b39c-070bb86ce931,d3e721af0b011c8486e3dc55f8025218cbd32c54728c9bb40dcac95b7a79ca84,"[0, 0, 83, 83, 0, 0]",6,2,False,3,"{""code_family"": ""standard"", ""nspin"": 2, ""soc"": false, ""cpa"": false, ""lmax"": ""3"", ""ncheb"": null, ""mesh"": ""[650, 650, 650, 650, 650, 650]""}",False,False,False,9.1253e-07,True,True,True
E1,E1_NbSe2_Bi,Bi4X4,Bi4X4,24210,,ed222c20-157c-42ac-9eb8-7b57e8599745,b62117b219bfd9213425e71bc239a302dbbcc871186f204e4e17aa893c625098,"[0, 0, 83, 83, 83, 83, 0, 0]",8,2,True,3,"{""code_family"": ""standard"", ""nspin"": 2, ""soc"": true, ""cpa"": false, ""lmax"": ""3"", ""ncheb"": ""12"", ""mesh"": ""[650, 650, 650, 650, 650, 650, 650, 650]""}",False,False,False,8.0204e-08,True,True,True
E1,E1_NbSe2_Bi,Bi4X4,Bi4X4,23965,,ab27c95c-a3d8-4c1e-888d-1a7de0d66297,13075a2d839ed34545c09326e2d4895b31bc33e0698a2b89ec4ca4dd8de644ae,"[0, 0, 83, 83, 83, 83, 0, 0]",8,2,False,3,"{""code_family"": ""standard"", ""nspin"": 2, ""soc"": false, ""cpa"": false, ""lmax"": ""3"", ""ncheb"": null, ""mesh"": ""[650, 650, 650, 650, 650, 650, 650, 650]""}",False,False,False,6.5006e-07,True,True,True
E1,E1_NbSe2_Bi,Bi2X4,Bi2X4,24556,,b9738e01-d837-499f-8a7d-9e9e17f47bdc,ccb4d8c175e2a29dda56d69c215a71a6757b83dcae2d3f47695876a36cb6c765,"[0, 0, 83, 83, 0, 0]",6,2,True,3,"{""code_family"": ""standard"", ""nspin"": 2, ""soc"": true, ""cpa"": false, ""lmax"": ""3"", ""ncheb"": ""12"", ""mesh"": ""[650, 650, 650, 650, 650, 650]""}",False,False,False,6.1796e-08,True,True,True
E1,E1_NbSe2_Bi,Bi2X4,Bi2X4,25147,,f05f918f-8354-4386-80da-b5db27d25b57,f5e659703523cd480e4f6fc96b6aa36a6391390b12e5ddede889ecc578562406,"[0, 0, 83, 83, 0, 0]",6,2,True,3,"{""code_family"": ""standard"", ""nspin"": 2, ""soc"": true, ""cpa"": false, ""lmax"": ""3"", ""ncheb"": ""12"", ""mesh"": ""[609, 609, 609, 609, 609, 609]""}",False,False,False,4.34e-08,True,True,True
E1,E1_NbSe2_Bi,Bi2X4,Bi2X4,25556,,e120dcac-1efb-48d0-b155-c2dd3e7f47aa,dc4a92a19a227a5c3ebcbe3213d2534e1570dc80bbaa2b3b88b463c422c2e3b8,"[0, 0, 83, 83, 0, 0]",6,2,False,3,"{""code_family"": ""standard"", ""nspin"": 2, ""soc"": false, ""cpa"": false, ""lmax"": ""3"", ""ncheb"": null, ""mesh"": ""[616, 616, 616, 616, 616, 616]""}",False,False,False,0.0079724,True,True,True
E1,E1_NbSe2_Bi,Bi4X4,Bi4X4,25144,,78184354-b283-41b9-9bbd-891b658811dd,156f4ca46444957bf7d15dbdaa1944c19b386e76b1c44c2fe21fd65e2f9b3442,"[0, 0, 83, 83, 83, 83, 0, 0]",8,2,False,3,"{""code_family"": ""standard"", ""nspin"": 2, ""soc"": false, ""cpa"": false, ""lmax"": ""3"", ""ncheb"": ""12"", ""mesh"": ""[609, 609, 609, 609, 609, 609, 609, 609]""}",False,False,False,8.5134e-08,True,True,True
E1,E1_NbSe2_Bi,Bi2X4,Bi2X4,25126,,46fca088-1ac6-4fb3-a6bf-3eab5ed22dbd,377f6621110416e6bab3b1448c162409f90b8fb59344a0fe96b395b29c91c8e9,"[0, 0, 83, 83, 0, 0]",6,2,False,3,"{""code_family"": ""standard"", ""nspin"": 2, ""soc"": false, ""cpa"": false, ""lmax"": ""3"", ""ncheb"": null, ""mesh"": ""[609, 609, 609, 609, 609, 609]""}",False,False,False,8.1596e-08,True,True,True
E1,E1_NbSe2_Bi,Bi2X4,Bi2X4,25302,,58f5bd1b-3b6a-48ba-b1df-61f45c733001,da397d2afce83455673b0edbcd2aae20e692c3b358664ebbd7c6d3ccb2656474,"[0, 0, 83, 83, 0, 0]",6,2,False,3,"{""code_family"": ""standard"", ""nspin"": 2, ""soc"": false, ""cpa"": false, ""lmax"": ""3"", ""ncheb"": ""12"", ""mesh"": ""[609, 609, 609, 609, 609, 609]""}",False,False,False,6.1259e-08,True,True,True
E1,E1_NbSe2_Bi,Bi4X4,Bi4X4,25187,,1c27365f-9368-45b6-805d-df4240ca1758,034ea9b64f76fe00e452dfddbf5e02db8a224b1c1149a99d1530bef238dd585d,"[0, 0, 83, 83, 83, 83, 0, 0]",8,2,False,3,"{""code_family"": ""standard"", ""nspin"": 2, ""soc"": false, ""cpa"": false, ""lmax"": ""3"", ""ncheb"": null, ""mesh"": ""[609, 609, 609, 609, 609, 609, 609, 609]""}",False,False,False,4.3003e-07,True,True,True
E1,E1_NbSe2_Bi,Bi2X4,Bi2X4,25195,,78bd4128-556e-47e9-858c-641144dbcc9a,0a412e6a33ba8e14f02b1858ccc0441dc58b744dedcf501a8010e78d028e865f,"[0, 0, 83, 83, 0, 0]",6,2,False,3,"{""code_family"": ""standard"", ""nspin"": 2, ""soc"": false, ""cpa"": false, ""lmax"": ""3"", ""ncheb"": ""12"", ""mesh"": ""[609, 609, 609, 609, 609, 609]""}",False,False,False,7.2053e-08,True,True,True
E1,E1_NbSe2_Bi,Bi2X4,Bi2X4,25198,,253bf5ee-2f89-4b06-a30a-c10acc6ba725,c22485ed99e3b52a5960d98815f11d28bb1c31a0b1c8e4eb49d24a1b49f441e5,"[0, 0, 83, 83, 0, 0]",6,2,True,3,"{""code_family"": ""standard"", ""nspin"": 2, ""soc"": true, ""cpa"": false, ""lmax"": ""3"", ""ncheb"": ""12"", ""mesh"": ""[609, 609, 609, 609, 609, 609]""}",False,False,False,5.2812e-08,True,True,True
E1,E1_NbSe2_Bi,Bi2X4,Bi2X4,25215,,6ee4541a-ba5c-455f-868f-03d7b9580588,4db7286e391b18244678955e384420edd7deab09568e30fd51e78109f2d29826,"[0, 0, 83, 83, 0, 0]",6,2,True,3,"{""code_family"": ""standard"", ""nspin"": 2, ""soc"": true, ""cpa"": false, ""lmax"": ""3"", ""ncheb"": ""12"", ""mesh"": ""[609, 609, 609, 609, 609, 609]""}",False,False,False,4.3301e-08,True,True,True
E1,E1_NbSe2_Bi,Bi2X4,Bi2X4,25054,,cde931ee-672e-4d5b-b2d5-082b4cc8a091,fcb2c21be354f72f7857244d75fbda97b1fb7d34596c16a4989538a5be62a336,"[0, 0, 83, 83, 0, 0]",6,2,False,3,"{""code_family"": ""standard"", ""nspin"": 2, ""soc"": false, ""cpa"": false, ""lmax"": ""3"", ""ncheb"": null, ""mesh"": ""[609, 609, 609, 609, 609, 609]""}",False,False,False,0.0079568,True,True,True
E1,E1_NbSe2_Bi,Bi4X4,Bi4X4,25111,,7f847547-d57a-4856-8743-4bdfed218604,1559b4d9ea1cc0594f1cfc6bac3f1af37141a9c9406fa79d4016764bb43e9550,"[0, 0, 83, 83, 83, 83, 0, 0]",8,2,False,3,"{""code_family"": ""standard"", ""nspin"": 2, ""soc"": false, ""cpa"": false, ""lmax"": ""3"", ""ncheb"": null, ""mesh"": ""[609, 609, 609, 609, 609, 609, 609, 609]""}",False,False,False,4.3546e-07,True,True,True
E1,E1_NbSe2_Bi,Bi4X4,Bi4X4,25089,,03dc9dc2-6a79-478f-b3d1-bed247bcb4f3,4075db20fa2242b6444d1ca0416714e0f8c4211d0f291eca42ea0173ad738c18,"[0, 0, 83, 83, 83, 83, 0, 0]",8,2,False,3,"{""code_family"": ""standard"", ""nspin"": 2, ""soc"": false, ""cpa"": false, ""lmax"": ""3"", ""ncheb"": null, ""mesh"": ""[609, 609, 609, 609, 609, 609, 609, 609]""}",False,False,False,0.007926,True,True,True
E1,E1_NbSe2_Bi,Bi2X4,Bi2X4,25062,,0afb8c1f-c5a8-421b-91d4-31e12fe310a5,186fc4105b1c82a245eebf940219206a7f545cbc13f7e433f807012a9ef47359,"[0, 0, 83, 83, 0, 0]",6,2,False,3,"{""code_family"": ""standard"", ""nspin"": 2, ""soc"": false, ""cpa"": false, ""lmax"": ""3"", ""ncheb"": null, ""mesh"": ""[609, 609, 609, 609, 609, 609]""}",False,False,False,8.5192e-07,True,True,True
E1,E1_NbSe2_Bi,Bi4X4,Bi4X4,25101,,3dda465f-cacd-4a35-b052-4478033aadd0,96eb547a21c399efb3d3fb9daf50fb14293e02e36111e596a021a33be082c9e3,"[0, 0, 83, 83, 83, 83, 0, 0]",8,2,False,3,"{""code_family"": ""standard"", ""nspin"": 2, ""soc"": false, ""cpa"": false, ""lmax"": ""3"", ""ncheb"": null, ""mesh"": ""[609, 609, 609, 609, 609, 609, 609, 609]""}",False,False,False,4.7419e-07,True,True,True
E1,E1_NbSe2_Bi,Bi4X4,Bi4X4,25116,,a99dc7e1-9442-4a24-8147-4d2061b4adfd,acc8c17b1ca42952ea06e0fcf9d4917731f0712205e0eabb3f77167d70d67317,"[0, 0, 83, 83, 83, 83, 0, 0]",8,2,True,3,"{""code_family"": ""standard"", ""nspin"": 2, ""soc"": true, ""cpa"": false, ""lmax"": ""3"", ""ncheb"": ""12"", ""mesh"": ""[609, 609, 609, 609, 609, 609, 609, 609]""}",False,False,False,9.7198e-08,True,True,True
E1,E1_NbSe2_Bi,Bi4X4,Bi4X4,25123,,af5b246a-8535-42ae-a8ee-ef310d5b6e45,a8e166bbb1bc5e97b9f35c45d9e31a0c420e32f23d2f66bdb0c3b5e8a7bbe780,"[0, 0, 83, 83, 83, 83, 0, 0]",8,2,False,3,"{""code_family"": ""standard"", ""nspin"": 2, ""soc"": false, ""cpa"": false, ""lmax"": ""3"", ""ncheb"": ""12"", ""mesh"": ""[609, 609, 609, 609, 609, 609, 609, 609]""}",False,False,False,4.9868e-08,True,True,True
E1,E1_NbSe2_Bi,Bi4X4,Bi4X4,25828,,0115b02c-a8ad-4425-9332-c07708dcd6ce,44879728663d5458534e09563c55bd6de60804a0bffc4c0c712215575ba0b990,"[0, 0, 83, 83, 83, 83, 0, 0]",8,2,True,3,"{""code_family"": ""standard"", ""nspin"": 2, ""soc"": true, ""cpa"": false, ""lmax"": ""3"", ""ncheb"": ""12"", ""mesh"": ""[609, 609, 609, 609, 609, 609, 609, 609]""}",False,False,False,7.5052e-07,True,True,True
E1,E1_NbSe2_Bi,Bi2X8,Bi2X8,25895,,e9d082d3-443e-4c78-809d-e38f19075082,ce5b2b06c2e0342a129fb726147e8df2d3d979810bd33f6b53e7c0759b8b91b1,"[0, 0, 0, 0, 83, 83, 0, 0, 0, 0]",10,2,False,3,"{""code_family"": ""standard"", ""nspin"": 2, ""soc"": false, ""cpa"": false, ""lmax"": ""3"", ""ncheb"": null, ""mesh"": ""[616, 616, 616, 616, 616, 616, 616, 616, 616, 616]""}",False,False,False,0.0079456,True,True,True
E1,E1_NbSe2_Bi,Bi4X4,Bi4X4,26086,,7a0f2b72-6e54-40d6-8495-3285acbfffa9,aefcfc11dacfacf952d8b646af60ad7eb73ad194776edfc08cedc4f624c93bf7,"[0, 0, 83, 83, 83, 83, 0, 0]",8,2,True,3,"{""code_family"": ""standard"", ""nspin"": 2, ""soc"": true, ""cpa"": false, ""lmax"": ""3"", ""ncheb"": ""12"", ""mesh"": ""[609, 609, 609, 609, 609, 609, 609, 609]""}",False,False,False,9.201e-08,True,True,True
E1,E1_NbSe2_Bi,Bi4X4,Bi4X4,26432,,070953ce-f41a-4da7-9f87-4abc91b40db9,fad9d993aa8be4b2643806fcb559f322a558ac4bcf9340c443236cf8dcde8551,"[0, 0, 83, 83, 83, 83, 0, 0]",8,2,False,3,"{""code_family"": ""standard"", ""nspin"": 2, ""soc"": false, ""cpa"": false, ""lmax"": ""3"", ""ncheb"": null, ""mesh"": ""[609, 609, 609, 609, 609, 609, 609, 609]""}",False,False,False,0.0079842,True,True,True
E1,E1_NbSe2_Bi,Bi4X4,Bi4X4,26440,,ec7997c6-16e5-4a43-aa33-2dcd5d11bf49,e84a94c0a5827c81dd82153ad47ca45662b7447d44ebc6f99f6657aa331adb09,"[0, 0, 83, 83, 83, 83, 0, 0]",8,2,False,3,"{""code_family"": ""standard"", ""nspin"": 2, ""soc"": false, ""cpa"": false, ""lmax"": ""3"", ""ncheb"": null, ""mesh"": ""[609, 609, 609, 609, 609, 609, 609, 609]""}",False,False,False,9.0467e-07,True,True,True
E1,E1_NbSe2_Bi,Bi4X4,Bi4X4,26526,,4ee3bc28-c1af-427d-9cf2-52b51253d90f,a164629b1dab8808977e442b6802881485e05dff5bc41383033eae725606dcdf,"[0, 0, 83, 83, 83, 83, 0, 0]",8,2,True,3,"{""code_family"": ""standard"", ""nspin"": 2, ""soc"": true, ""cpa"": false, ""lmax"": ""3"", ""ncheb"": ""12"", ""mesh"": ""[609, 609, 609, 609, 609, 609, 609, 609]""}",False,False,False,3.2398e-08,True,True,True
E1,E1_NbSe2_Bi,Nb2Se4X2,Nb2Se4X2,104899,,b0277ac4-5f1d-4981-af13-77778bd8fc43,ae69cd198dea2eba2c7d12c40cae10fbe87fbc360fb71464354a2a620c20f4a0,"[41, 41, 34, 34, 34, 34, 0, 0]",8,2,False,2,"{""code_family"": ""standard"", ""nspin"": 2, ""soc"": false, ""cpa"": false, ""lmax"": ""2"", ""ncheb"": null, ""mesh"": ""[548, 548, 563, 563, 563, 563, 534, 534]""}",False,False,False,0.0079347,True,True,True
E1,E1_NbSe2_Bi,Nb2Se4X2,Nb2Se4X2,104926,,c46c51f1-dcf2-48b9-883d-c5f6e6b52fe7,7bc5f83f74b223f4949d8e8da0a247856bd1a35d44c251bbbc307a10edf20b76,"[41, 41, 34, 34, 34, 34, 0, 0]",8,2,False,2,"{""code_family"": ""standard"", ""nspin"": 2, ""soc"": false, ""cpa"": false, ""lmax"": ""2"", ""ncheb"": null, ""mesh"": ""[548, 548, 563, 563, 563, 563, 534, 534]""}",False,False,False,5.5827e-06,True,True,True
E1,E1_NbSe2_Bi,Nb2Se4X2,Nb2Se4X2,104915,,132a283a-5272-465c-a6ac-a1ee3f5783dd,b5b7eff8bc9b04fd93eaa530a4c3898c5c04e60c27e4010bfa2c88c2e9d632a6,"[41, 41, 34, 34, 34, 34, 0, 0]",8,2,False,2,"{""code_family"": ""standard"", ""nspin"": 2, ""soc"": false, ""cpa"": false, ""lmax"": ""2"", ""ncheb"": null, ""mesh"": ""[548, 548, 563, 563, 563, 563, 534, 534]""}",False,False,False,7.5714e-06,True,True,True
E1,E1_NbSe2_Bi,Nb2Se4X2,Nb2Se4X2,104852,,cf5bbccf-6299-4731-be8b-2bb229405277,7c0a38125c3eb11d0ce2332150382468af361dc0012e0524fa7dce0ae5b06214,"[41, 41, 34, 34, 34, 34, 0, 0]",8,2,False,2,"{""code_family"": ""standard"", ""nspin"": 2, ""soc"": false, ""cpa"": false, ""lmax"": ""2"", ""ncheb"": null, ""mesh"": ""[548, 548, 563, 563, 563, 563, 534, 534]""}",False,False,False,8.4516e-06,True,True,True
E1,E1_NbSe2_Bi,Nb2Se4X2,Nb2Se4X2,103803,,fa24ccd4-9981-4d61-a445-96d827aa5b53,6935ff835ecac1e2bc8762639c6e4414aea8c59dd85a73820848692ce26e4834,"[41, 41, 34, 34, 34, 34, 0, 0]",8,2,False,2,"{""code_family"": ""standard"", ""nspin"": 2, ""soc"": false, ""cpa"": false, ""lmax"": ""2"", ""ncheb"": null, ""mesh"": ""[548, 548, 563, 563, 563, 563, 534, 534]""}",False,False,False,7.8287e-06,True,True,True
E1,E1_NbSe2_Bi,Nb2Se4X2,Nb2Se4X2,103809,,97aaed82-bdb3-423c-a678-aa3ed087809e,333a8ac2c054c63794205cb4ddc34bac5c605ac999fb2c6499083f50cf3dae2f,"[41, 41, 34, 34, 34, 34, 0, 0]",8,2,False,2,"{""code_family"": ""standard"", ""nspin"": 2, ""soc"": false, ""cpa"": false, ""lmax"": ""2"", ""ncheb"": null, ""mesh"": ""[548, 548, 563, 563, 563, 563, 534, 534]""}",False,False,False,0.007942,True,True,True
E1,E1_NbSe2_Bi,Nb2Se4X2,Nb2Se4X2,103862,,de145c02-c9a8-4cfe-9129-f0f280270c60,64cf9a5a1df462af9b84dcc432f09a4581c0dd5fc7f4a60c79600216ff59d919,"[41, 41, 34, 34, 34, 34, 0, 0]",8,2,False,2,"{""code_family"": ""standard"", ""nspin"": 2, ""soc"": false, ""cpa"": false, ""lmax"": ""2"", ""ncheb"": null, ""mesh"": ""[548, 548, 563, 563, 563, 563, 534, 534]""}",False,False,False,0.0079975,True,True,True
E1,E1_NbSe2_Bi,Nb2Se4X2,Nb2Se4X2,103872,,5cfc79d9-ead5-4dc6-82aa-33a5efb772a2,59e3f649e3fa0d4311412656db642fcff39bfd398735d857a94572c49cacf3f1,"[41, 41, 34, 34, 34, 34, 0, 0]",8,2,False,2,"{""code_family"": ""standard"", ""nspin"": 2, ""soc"": false, ""cpa"": false, ""lmax"": ""2"", ""ncheb"": null, ""mesh"": ""[548, 548, 563, 563, 563, 563, 534, 534]""}",False,False,False,4.6022e-06,True,True,True
E1,E1_NbSe2_Bi,Nb2Se4X2,Nb2Se4X2,103878,,36f5c417-6462-4c76-a19f-fe069e0bf2df,5528248cb9c855ac576e221862e9bdddb87ef0069305f10cf6d73d06ad646f60,"[41, 41, 34, 34, 34, 34, 0, 0]",8,2,False,2,"{""code_family"": ""standard"", ""nspin"": 2, ""soc"": false, ""cpa"": false, ""lmax"": ""2"", ""ncheb"": null, ""mesh"": ""[548, 548, 563, 563, 563, 563, 534, 534]""}",False,False,False,9.3665e-06,True,True,True
E1,E1_NbSe2_Bi,Nb2Se4X2,Nb2Se4X2,104155,,09850a7d-1d36-4223-871e-55d4250c6307,5b10198ceef35d3f6dbdec1d1e6560dbda5c9bfa588d1dd3be3cc3333466da88,"[41, 41, 34, 34, 34, 34, 0, 0]",8,2,False,2,"{""code_family"": ""standard"", ""nspin"": 2, ""soc"": false, ""cpa"": false, ""lmax"": ""2"", ""ncheb"": null, ""mesh"": ""[548, 548, 563, 563, 563, 563, 534, 534]""}",False,False,False,0.0078482,True,True,True
E1,E1_NbSe2_Bi,Nb2Se4X2,Nb2Se4X2,104228,,1d68f7bb-0b11-45e0-afe9-0fd0e8835653,de936635f4f514cfb87c02a626729660c996a58f50ca874de63ffc58429bcd25,"[41, 41, 34, 34, 34, 34, 0, 0]",8,2,False,2,"{""code_family"": ""standard"", ""nspin"": 2, ""soc"": false, ""cpa"": false, ""lmax"": ""2"", ""ncheb"": null, ""mesh"": ""[548, 548, 563, 563, 563, 563, 534, 534]""}",False,False,False,0.0079987,True,True,True
E1,E1_NbSe2_Bi,Nb2Se4X2,Nb2Se4X2,104273,,b68db108-0b35-4029-9c34-b875fc9a87e2,dfc0550a24186bda09168743a81e0a09bd48b3b441a17511b82cac42e200d12c,"[41, 41, 34, 34, 34, 34, 0, 0]",8,2,False,2,"{""code_family"": ""standard"", ""nspin"": 2, ""soc"": false, ""cpa"": false, ""lmax"": ""2"", ""ncheb"": null, ""mesh"": ""[548, 548, 563, 563, 563, 563, 534, 534]""}",False,False,False,0.0079862,True,True,True
E1,E1_NbSe2_Bi,Nb2Se4X2,Nb2Se4X2,104289,,a32e4638-e859-4492-bbc2-3677274b66a3,3b857f34ce789be0a88439b970ba9915b1f0387d34dc2aca590b154af3b2f856,"[41, 41, 34, 34, 34, 34, 0, 0]",8,2,False,2,"{""code_family"": ""standard"", ""nspin"": 2, ""soc"": false, ""cpa"": false, ""lmax"": ""2"", ""ncheb"": null, ""mesh"": ""[548, 548, 563, 563, 563, 563, 534, 534]""}",False,False,False,7.0006e-06,True,True,True
E1,E1_NbSe2_Bi,Nb2Se4X2,Nb2Se4X2,104217,,55366cbe-5e8c-42c2-a7ba-0d03dc9f27dd,4b196a10483cd191089574982648214be2b658586e23ccaebfddcf396131745e,"[41, 41, 34, 34, 34, 34, 0, 0]",8,2,False,2,"{""code_family"": ""standard"", ""nspin"": 2, ""soc"": false, ""cpa"": false, ""lmax"": ""2"", ""ncheb"": null, ""mesh"": ""[548, 548, 563, 563, 563, 563, 534, 534]""}",False,False,False,6.6208e-06,True,True,True
E1,E1_NbSe2_Bi,Nb2Se4X2,Nb2Se4X2,104249,,8642559e-df59-4414-b89c-1d84932dea99,c075b16d5f947ad6e8c49065f97575065dc12c04f0b30823abed5ec12dfa92f2,"[41, 41, 34, 34, 34, 34, 0, 0]",8,2,False,2,"{""code_family"": ""standard"", ""nspin"": 2, ""soc"": false, ""cpa"": false, ""lmax"": ""2"", ""ncheb"": null, ""mesh"": ""[548, 548, 563, 563, 563, 563, 534, 534]""}",False,False,False,0.007942,True,True,True
E1,E1_NbSe2_Bi,Nb2Se4X2,Nb2Se4X2,104302,,e7fc2976-3ee2-4a0f-863d-9ad5b9c4223a,b0dd94d995eaa89ced30ae1f6a6056c9b199245687d36353b37871ada0b995b1,"[41, 41, 34, 34, 34, 34, 0, 0]",8,2,False,2,"{""code_family"": ""standard"", ""nspin"": 2, ""soc"": false, ""cpa"": false, ""lmax"": ""2"", ""ncheb"": null, ""mesh"": ""[548, 548, 563, 563, 563, 563, 534, 534]""}",False,False,False,7.4663e-06,True,True,True
E1,E1_NbSe2_Bi,Nb2Se4X2,Nb2Se4X2,104315,,1322ac57-5055-48ab-9fed-2190c759bc3f,0dc070c7a612b2fb49f4ad4100dabaeeb6a58241f65db14261a3ede35b36b200,"[41, 41, 34, 34, 34, 34, 0, 0]",8,2,False,2,"{""code_family"": ""standard"", ""nspin"": 2, ""soc"": false, ""cpa"": false, ""lmax"": ""2"", ""ncheb"": null, ""mesh"": ""[548, 548, 563, 563, 563, 563, 534, 534]""}",False,False,False,5.8735e-06,True,True,True
E1,E1_NbSe2_Bi,Nb2Se4X2,Nb2Se4X2,104335,,aa2c5b96-103a-49f9-832b-599458325dda,4d3e4ce40f3bee24da4f42b162d8ea3c1fcef675cecab1edaa7f836058c5e157,"[41, 41, 34, 34, 34, 34, 0, 0]",8,2,False,2,"{""code_family"": ""standard"", ""nspin"": 2, ""soc"": false, ""cpa"": false, ""lmax"": ""2"", ""ncheb"": null, ""mesh"": ""[548, 548, 563, 563, 563, 563, 534, 534]""}",False,False,False,0.0079347,True,True,True
E1,E1_NbSe2_Bi,Nb2Se4X2,Nb2Se4X2,104371,,58d432a6-34c8-4c9c-9064-ad4860f77de6,88529193ae371af0ac29adb474b6e4a79c2bc9cf62589a619463df7a2506e2a1,"[41, 41, 34, 34, 34, 34, 0, 0]",8,2,False,2,"{""code_family"": ""standard"", ""nspin"": 2, ""soc"": false, ""cpa"": false, ""lmax"": ""2"", ""ncheb"": null, ""mesh"": ""[548, 548, 563, 563, 563, 563, 534, 534]""}",False,False,False,8.8266e-06,True,True,True
E1,E1_NbSe2_Bi,Nb2Se4X2,Nb2Se4X2,104593,,2fcb0149-3076-4e64-b97c-6aaa891c3aed,e7b6bad8da1585b10a1123752dcc9e6dc8d17af231ac862ac27ed09dc8b8ad2e,"[41, 41, 34, 34, 34, 34, 0, 0]",8,2,False,2,"{""code_family"": ""standard"", ""nspin"": 2, ""soc"": false, ""cpa"": false, ""lmax"": ""2"", ""ncheb"": null, ""mesh"": ""[548, 548, 563, 563, 563, 563, 534, 534]""}",False,False,False,0.0078482,True,True,True
E1,E1_NbSe2_Bi,Nb2Se4X2,Nb2Se4X2,100941,,1e29cc63-091d-4657-b027-ccaa7bab567f,45d5880707bb55941d9c637cd15d112c37306c865c82eae31da9968b93b40e80,"[41, 41, 34, 34, 34, 34, 0, 0]",8,2,False,2,"{""code_family"": ""standard"", ""nspin"": 2, ""soc"": false, ""cpa"": false, ""lmax"": ""2"", ""ncheb"": null, ""mesh"": ""[548, 548, 563, 563, 563, 563, 534, 534]""}",False,False,False,0.0079862,True,True,True
E1,E1_NbSe2_Bi,Nb2Se4X2,Nb2Se4X2,100950,,46423891-a0f3-4237-b4bc-1fdf2720aca7,5bd443841c97ba0878d4d739f5ed99e549c5b67732c906d5f9d8f41fa71b618e,"[41, 41, 34, 34, 34, 34, 0, 0]",8,2,False,2,"{""code_family"": ""standard"", ""nspin"": 2, ""soc"": false, ""cpa"": false, ""lmax"": ""2"", ""ncheb"": null, ""mesh"": ""[548, 548, 563, 563, 563, 563, 534, 534]""}",False,False,False,9.5329e-06,True,True,True
E1,E1_NbSe2_Bi,Nb2Se4X2,Nb2Se4X2,100959,,ee326f86-f714-4e0a-968b-d88afc9b7657,2d6971db7ccf3c95ed9a8870d848af3613a0e4963d74450db6965b2bf8366b57,"[41, 41, 34, 34, 34, 34, 0, 0]",8,2,False,2,"{""code_family"": ""standard"", ""nspin"": 2, ""soc"": false, ""cpa"": false, ""lmax"": ""2"", ""ncheb"": null, ""mesh"": ""[548, 548, 563, 563, 563, 563, 534, 534]""}",False,False,False,0.0079862,True,True,True
E1,E1_NbSe2_Bi,Nb2Se4X2,Nb2Se4X2,100987,,84e85b0e-addc-4f29-82d6-5d6ae32d4a5e,77b1b11333cff9d5b3f7d58df579ad05867da553d966dec1288aaa4872e36b38,"[41, 41, 34, 34, 34, 34, 0, 0]",8,2,False,2,"{""code_family"": ""standard"", ""nspin"": 2, ""soc"": false, ""cpa"": false, ""lmax"": ""2"", ""ncheb"": null, ""mesh"": ""[548, 548, 563, 563, 563, 563, 534, 534]""}",False,False,False,0.0079862,True,True,True
E1,E1_NbSe2_Bi,Nb2Se4X2,Nb2Se4X2,100846,,bd589e12-7a82-4f00-b634-aebf20e245cb,f4ce253ec379e20ff03d8c6af0b93eb4b3b9b64488de2769559178302739a599,"[41, 41, 34, 34, 34, 34, 0, 0]",8,2,False,2,"{""code_family"": ""standard"", ""nspin"": 2, ""soc"": false, ""cpa"": false, ""lmax"": ""2"", ""ncheb"": null, ""mesh"": ""[548, 548, 563, 563, 563, 563, 534, 534]""}",False,False,False,0.0079753,True,True,True
E1,E1_NbSe2_Bi,Nb2Se4X2,Nb2Se4X2,101017,,f6ec1957-f231-462f-9f89-d15a9b7e2f67,a7bab84c97feb946328399a049ca3b0b5917fab8312140e0dfdbb92f0a436fa0,"[41, 41, 34, 34, 34, 34, 0, 0]",8,2,False,2,"{""code_family"": ""standard"", ""nspin"": 2, ""soc"": false, ""cpa"": false, ""lmax"": ""2"", ""ncheb"": null, ""mesh"": ""[548, 548, 563, 563, 563, 563, 534, 534]""}",False,False,False,4.8851e-06,True,True,True
E1,E1_NbSe2_Bi,Nb2Se4X2,Nb2Se4X2,101006,,971ce4f8-f2d2-4fd6-ac60-ff7ca1bf4ba8,a9e508c2ea0427c6267f46e1852b9e6e5527a369cd38dc45a2afc6974d4cbffe,"[41, 41, 34, 34, 34, 34, 0, 0]",8,2,False,2,"{""code_family"": ""standard"", ""nspin"": 2, ""soc"": false, ""cpa"": false, ""lmax"": ""2"", ""ncheb"": null, ""mesh"": ""[548, 548, 563, 563, 563, 563, 534, 534]""}",False,False,False,9.0033e-06,True,True,True
E1,E1_NbSe2_Bi,Nb2Se4X2,Nb2Se4X2,101031,,f6596771-3761-4205-8b99-b54a98de9538,ba3d644df325139e3644201649e809535f152bd8e288ed92a80a7d16b736f26c,"[41, 41, 34, 34, 34, 34, 0, 0]",8,2,False,2,"{""code_family"": ""standard"", ""nspin"": 2, ""soc"": false, ""cpa"": false, ""lmax"": ""2"", ""ncheb"": null, ""mesh"": ""[548, 548, 563, 563, 563, 563, 534, 534]""}",False,False,False,5.145e-06,True,True,True
E1,E1_NbSe2_Bi,Nb2Se4X2,Nb2Se4X2,101097,,c6d2a333-32c6-4376-9481-562f1ccf6c20,7e0d45e01ff89d3fb64cf65080ee69ef807e1175e2e60cbfd2cdf802c30b2ee0,"[41, 41, 34, 34, 34, 34, 0, 0]",8,2,False,2,"{""code_family"": ""standard"", ""nspin"": 2, ""soc"": false, ""cpa"": false, ""lmax"": ""2"", ""ncheb"": null, ""mesh"": ""[548, 548, 563, 563, 563, 563, 534, 534]""}",False,False,False,0.0079862,True,True,True
E1,E1_NbSe2_Bi,Nb2Se4X2,Nb2Se4X2,101180,,11060a49-3ef3-4bd1-890a-e9769dff6d61,47c1339c0b50d763afbfa16ceb08d9d00261d8311259fd017e4a41dfb9d7e5b2,"[41, 41, 34, 34, 34, 34, 0, 0]",8,2,False,2,"{""code_family"": ""standard"", ""nspin"": 2, ""soc"": false, ""cpa"": false, ""lmax"": ""2"", ""ncheb"": null, ""mesh"": ""[548, 548, 563, 563, 563, 563, 534, 534]""}",False,False,False,0.0079862,True,True,True
E1,E1_NbSe2_Bi,Nb2Se4X2,Nb2Se4X2,101198,,53e000ae-d382-4e62-b812-e04192ad6223,1e668fa6de1e7422e0db2198396f362f064d7a7a83c3ff809702a6ed0d6899cc,"[41, 41, 34, 34, 34, 34, 0, 0]",8,2,False,2,"{""code_family"": ""standard"", ""nspin"": 2, ""soc"": false, ""cpa"": false, ""lmax"": ""2"", ""ncheb"": null, ""mesh"": ""[548, 548, 563, 563, 563, 563, 534, 534]""}",False,False,False,0.0079862,True,True,True
E1,E1_NbSe2_Bi,Nb2Se4X2,Nb2Se4X2,101226,,dea18ca9-9d78-4ce1-bc2b-2b3815b1f38e,b3c31ead9b04fe0df1be0ae5b6fdfb2f261ba0c19b41b281743f24e5ab19e53b,"[41, 41, 34, 34, 34, 34, 0, 0]",8,2,False,2,"{""code_family"": ""standard"", ""nspin"": 2, ""soc"": false, ""cpa"": false, ""lmax"": ""2"", ""ncheb"": null, ""mesh"": ""[548, 548, 563, 563, 563, 563, 534, 534]""}",False,False,False,9.0852e-07,True,True,True
E1,E1_NbSe2_Bi,Nb2Se4X2,Nb2Se4X2,101266,,4c434ba5-c49e-4a9e-87eb-98925a77ad7e,65922a858260b20bd08b50adea8dca188194214a6c2aebe9dfaccb7db66146d3,"[41, 41, 34, 34, 34, 34, 0, 0]",8,2,False,2,"{""code_family"": ""standard"", ""nspin"": 2, ""soc"": false, ""cpa"": false, ""lmax"": ""2"", ""ncheb"": null, ""mesh"": ""[548, 548, 563, 563, 563, 563, 534, 534]""}",False,False,False,7.8287e-06,True,True,True
E1,E1_NbSe2_Bi,Nb2Se4X2,Nb2Se4X2,101315,,e3260c9c-708c-4ee8-8d31-c684359749cc,530d1e32289fd060ed1f77e0c6e91efe3b63970919f8f24a0736f6084ae9b7f6,"[41, 41, 34, 34, 34, 34, 0, 0]",8,2,False,2,"{""code_family"": ""standard"", ""nspin"": 2, ""soc"": false, ""cpa"": false, ""lmax"": ""2"", ""ncheb"": null, ""mesh"": ""[548, 548, 563, 563, 563, 563, 534, 534]""}",False,False,False,7.8287e-06,True,True,True
E1,E1_NbSe2_Bi,Nb2Se4X2,Nb2Se4X2,101387,,215d13d4-5466-43d5-94ec-d6709ddfb6be,ecbcc76e3ea7605b8ba9b1fafc27845a72579a9403fcebb2bd4aca904c633d48,"[41, 41, 34, 34, 34, 34, 0, 0]",8,2,False,2,"{""code_family"": ""standard"", ""nspin"": 2, ""soc"": false, ""cpa"": false, ""lmax"": ""2"", ""ncheb"": null, ""mesh"": ""[548, 548, 563, 563, 563, 563, 534, 534]""}",False,False,False,0.0079862,True,True,True
E1,E1_NbSe2_Bi,Nb2Se4X2,Nb2Se4X2,101474,,169fae67-b28f-43c7-b0de-ee42aace2137,355a8a3e2998ce4e070f52ce42af0e6bbb96df55333464cbbb83162d730b2678,"[41, 41, 34, 34, 34, 34, 0, 0]",8,2,False,2,"{""code_family"": ""standard"", ""nspin"": 2, ""soc"": false, ""cpa"": false, ""lmax"": ""2"", ""ncheb"": null, ""mesh"": ""[548, 548, 563, 563, 563, 563, 534, 534]""}",False,False,False,0.0079862,True,True,True
E1,E1_NbSe2_Bi,Nb16,Nb16,107122,,03ab42ec-0703-4aaa-9fa1-37ec42284776,86eab8126941982010a16f6dd6fa310226448889b5bcb972d3b6ad8c57a8050d,"[41, 41, 41, 41, 41, 41, 41, 41, 41, 41, 41, 41, 41, 41, 41, 41]",16,1,False,3,"{""code_family"": ""standard"", ""nspin"": 1, ""soc"": false, ""cpa"": false, ""lmax"": ""3"", ""ncheb"": null, ""mesh"": ""[484, 484, 484, 484, 484, 484, 484, 484, 484, 484, 484, 484, 484, 484, 484, 484]""}",False,False,False,0.0079469,True,True,True
E1,E1_NbSe2_Bi,Nb16,Nb16,107131,,5883dc1b-813d-43e0-af46-5346649ee095,5b73df3fd827b2cb98512ba61ed812be62b0ff11e4c1b81ca1fb67f4d617910c,"[41, 41, 41, 41, 41, 41, 41, 41, 41, 41, 41, 41, 41, 41, 41, 41]",16,1,False,3,"{""code_family"": ""standard"", ""nspin"": 1, ""soc"": false, ""cpa"": false, ""lmax"": ""3"", ""ncheb"": null, ""mesh"": ""[484, 484, 484, 484, 484, 484, 484, 484, 484, 484, 484, 484, 484, 484, 484, 484]""}",False,False,False,8.5546e-05,True,True,True
E1,E1_NbSe2_Bi,Nb16,Nb16,107140,,d57280b4-eeba-4e15-bc0e-3da40a542d4a,490506db6283f7c2a4dc2ae3f86ccdaab6eb3ad348f42816b151f8ab5c23bd1b,"[41, 41, 41, 41, 41, 41, 41, 41, 41, 41, 41, 41, 41, 41, 41, 41]",16,1,False,3,"{""code_family"": ""standard"", ""nspin"": 1, ""soc"": false, ""cpa"": false, ""lmax"": ""3"", ""ncheb"": null, ""mesh"": ""[484, 484, 484, 484, 484, 484, 484, 484, 484, 484, 484, 484, 484, 484, 484, 484]""}",False,False,False,8.1673e-05,True,True,True
E1,E1_NbSe2_Bi,Nb16,Nb16,107151,,65b7d8fc-7ec9-4dff-94d4-b399a4e66adb,642f20492c0b9aaaa658917044cbc6016c2e0de04ca453f7185a9e8e31cd0ec7,"[41, 41, 41, 41, 41, 41, 41, 41, 41, 41, 41, 41, 41, 41, 41, 41]",16,1,False,3,"{""code_family"": ""standard"", ""nspin"": 1, ""soc"": false, ""cpa"": false, ""lmax"": ""3"", ""ncheb"": null, ""mesh"": ""[484, 484, 484, 484, 484, 484, 484, 484, 484, 484, 484, 484, 484, 484, 484, 484]""}",False,False,False,0.0016157,True,True,True
E1,E1_NbSe2_Bi,Nb2Se4X2,Nb2Se4X2,107310,,f8a5ce0c-b059-44d2-80b0-ca33d87a3a98,3252b319c1b3036b8e55438b5ec0f502a4a9d1b49bfffb00617819697467477f,"[41, 41, 34, 34, 34, 34, 0, 0]",8,2,False,2,"{""code_family"": ""standard"", ""nspin"": 2, ""soc"": false, ""cpa"": false, ""lmax"": ""2"", ""ncheb"": null, ""mesh"": ""[548, 548, 563, 563, 563, 563, 534, 534]""}",False,False,False,0.0079862,True,True,True
E1,E1_NbSe2_Bi,Nb2Se4X2,Nb2Se4X2,107325,,7b4e3d4d-8cf9-4346-8759-59e480bae62a,77792087ee9e9983ae6080e10f58d6bbd547c71fd62114e1bf6b1f936aef8773,"[41, 41, 34, 34, 34, 34, 0, 0]",8,2,False,2,"{""code_family"": ""standard"", ""nspin"": 2, ""soc"": false, ""cpa"": false, ""lmax"": ""2"", ""ncheb"": null, ""mesh"": ""[548, 548, 563, 563, 563, 563, 534, 534]""}",False,False,False,4.0626e-06,True,True,True
E1,E1_NbSe2_Bi,Nb2Se4X2,Nb2Se4X2,108095,,ad323ede-d347-4e7b-a931-dc6ffefca5eb,ea7bafd3f479675207feaf93c54d9b780f01a8fa9a8d3b93f6e7085734a4cdaa,"[41, 41, 34, 34, 34, 34, 0, 0]",8,2,False,2,"{""code_family"": ""standard"", ""nspin"": 2, ""soc"": false, ""cpa"": false, ""lmax"": ""2"", ""ncheb"": null, ""mesh"": ""[548, 548, 563, 563, 563, 563, 534, 534]""}",False,False,False,0.0079753,True,True,True
E1,E1_NbSe2_Bi,Nb2Se4X2,Nb2Se4X2,109057,,28704676-bf61-4fa6-8639-a210107eb657,2619a684cf28cb0a197e0e88f7362b9fba3b5a2f8e7a1181ec01464ebf4463a7,"[41, 41, 34, 34, 34, 34, 0, 0]",8,2,False,2,"{""code_family"": ""standard"", ""nspin"": 2, ""soc"": false, ""cpa"": false, ""lmax"": ""2"", ""ncheb"": null, ""mesh"": ""[548, 548, 563, 563, 563, 563, 534, 534]""}",False,False,False,0.0079753,True,True,True
F1c,simple_metals,Nb,Nb,112604,112235,ee37ede6-5c76-4ab2-a506-7f3ae4aa3b8c,85dd2745400c7d28ddb98f286e03649480299c59bf9fe856e3af258c3d4bbc25,[41],1,1,False,3,nspin1_lmax3_soc0,False,False,False,3.6064e-06,True,True,True
F1c,simple_metals,Al,Al,112592,112240,9b3a9449-c2c1-469e-8b30-d5ce52ad13ff,91d5eee202d55423ac06533f1cc560ebf5ac0b2506ef48bac02f62a6d58d54a2,[13],1,1,False,2,nspin1_lmax2_soc0,False,False,False,2.5606e-06,True,True,True
F1c,simple_metals,Al,Al,112584,112248,9db67a68-3807-4de8-98ba-5145d5cf034c,c3c959cbe2ae80c625899edf5b2668042680524e905985b79be59d231dea7401,[13],1,1,False,2,nspin1_lmax2_soc0,False,False,False,2.5606e-06,True,True,True
F1c,simple_metals,Cu,Cu,112648,112257,672b2cdc-e161-45d6-8f0e-7e555cf0b844,2cdc8c443e39770b6e667a87d2292124a516d35fc44b1e3b8c751538de7a0641,[29],1,1,False,3,nspin1_lmax3_soc0,False,False,False,3.9787e-06,True,True,True
F1c,simple_metals,Cu,Cu,112623,112268,d8f1f5ba-4e62-48a8-8f8e-1e3e4ca95340,d3035f6a48409ee8834790c45fd142bc774e976e217d927846803a3e379e6c74,[29],1,1,False,3,nspin1_lmax3_soc0,False,False,False,3.9787e-06,True,True,True
F1c,simple_metals,Ag,Ag,112637,112279,3b0de63a-0b53-4d94-bd3b-7d82e7b56bea,8cb7d97d4625a01ec4900a5abb506aa53c8e90dc43ac0032d4335afca9099e71,[47],1,1,False,3,nspin1_lmax3_soc0,False,False,False,9.5007e-06,True,True,True
F1c,simple_metals,Ag,Ag,112616,112290,c3d1d06b-ccdb-44bf-8010-6cc692db8852,eeeeeb8adb31632649688bd3a6047e93a64b9969b2932821d133dae8559aef80,[47],1,1,False,3,nspin1_lmax3_soc0,False,False,False,9.5007e-06,True,True,True
F1c,simple_metals,Mo,Mo,112652,112298,72290d31-daf5-44f4-bb04-15189eb7f34c,2fd11523ffa350fe4f22877ce966329dad2b134bee159302326734cd863a358c,[42],1,1,False,3,nspin1_lmax3_soc0,False,False,False,1.2195e-06,True,True,True
F1c,simple_metals,Mo,Mo,112626,112310,aa5ab9cb-eb2a-420f-9442-f727e8fcc6d8,2d9e3f14ac599f5aad565a09624237364f74a455e867aa2988909d3a774d6dbe,[42],1,1,False,3,nspin1_lmax3_soc0,False,False,False,1.2195e-06,True,True,True
F1h,heavy_soc,Au,Au,112836,112796,badd33a9-b0a8-4913-9cfd-855c9b5c5587,11a758a1dcbbe896497357fa69472903c4f7d0f21e63541df0b844050eb02238,[79],1,2,True,3,nspin2_lmax3_soc1,False,False,False,1.4511e-06,True,True,True
F1k,heavy_soc,W,W,113123,113034,ce1f12ca-1c56-4c00-8513-0858a3306e8f,96ffedd23964c9ca0556c2a835cfaaca81f4c142d9712cb9c9a889c22ecf52b2,[74],1,2,True,3,nspin2_lmax3_soc1,False,False,False,8.6905e-06,True,True,True
F1k,heavy_soc,Pt,Pt,113131,113041,abd5aa1c-cc70-4c2d-b219-d112b80d5a5e,fa55c03c1a97ccd13a0cc1565a4f4dd8358888c25dd1f06c34b9c1f1f619f11c,[78],1,2,True,3,nspin2_lmax3_soc1,False,False,False,8.6734e-06,True,True,True
F1k,heavy_soc,Sb,Sb2,113140,113051,31a1c549-29bd-499c-a14a-ad8cfe609a71,d09f3d95d7ba4c49fbdaef4e567af1d2f45f60e06092db1892679a41b29ff2e7,"[51, 51]",2,2,True,3,nspin2_lmax3_soc1,False,False,False,1.6032e-06,True,True,True
F1lm,heavy_soc,Pb,Pb,113253,113192,7db3cfa4-f91a-4e74-b0b1-57873c124fc2,8c7addf5b269fac69e7ed3a668ead319fb42a5f0c415a4b0ef11e686b9f31dba,[82],1,2,True,3,nspin2_lmax3_soc1,False,False,False,4.2731e-06,True,True,True
F1p,heavy_soc,Au,Au,113667,113324,,036466680566242ce6d8604b679626f41015d0ba6729404c16d50875423bcbb9,[79],1,2,True,3,nspin2_lmax3_soc1,False,False,False,1.4511e-06,True,True,True
F1p,heavy_soc,W,W,113675,113331,,4cf5057a64eb41fe9ea9826ddaeb44986d7a9c7e898163cc1e92710456c923bc,[74],1,2,True,3,nspin2_lmax3_soc1,False,False,False,8.6609e-06,True,True,True
F1p,heavy_soc,Pt,Pt,113685,113339,,f9c12bd411b9b09baf6b0b3da438f3c0bb38373d801843a5c08ea3c00b440109,[78],1,2,True,3,nspin2_lmax3_soc1,False,False,False,9.2306e-06,True,True,True
F1p,heavy_soc,Sb,Sb2,113734,113349,,9297bbe80c28dbb3c70dc89633f8626880423ea9aa63dcae75b54b6a5ea026d1,"[51, 51]",2,2,True,3,nspin2_lmax3_soc1,False,False,False,1.6025e-06,True,True,True
F1p,heavy_soc,Pb,Pb,113694,113361,,0d33bd0199d071cc2bb1b6cad6ad7e2759bdf2150f8ab1656328dcce12314061,[82],1,2,True,3,nspin2_lmax3_soc1,False,False,False,4.2731e-06,True,True,True
F1p,magnetic,Fe,Fe,113581,113412,,fd8c44eccbae8220778ba58c3e5e27d916ac299e02bd2f5fff7f22f1f1550866,[26],1,2,False,3,nspin2_lmax3_soc0,False,False,False,6.2192e-06,True,True,True
F1p,magnetic,Ni,Ni,113590,113424,,8af410274d25802cd23f3ed1694e82235bdcf10fe9683faa59c8e7ce97d6d31b,[28],1,2,False,3,nspin2_lmax3_soc0,False,False,False,9.6019e-06,True,True,True
F1p,magnetic,Co,Co2,113762,113430,,4f345e46cfdc6a4d8e35dabc95e985b94e37ecc0ccb7d4ac332ddea1b1e559a5,"[27, 27]",2,2,False,3,nspin2_lmax3_soc0,False,False,False,2.1693e-06,True,True,True
F1q,magnetic,Fe,Fe,114255,113869,,393d6786a3c0e60fe5564010f20e7cb2b1347c5ad969690d95251e204c9c65f1,[26],1,2,False,3,nspin2_lmax3_soc0,False,False,False,6.2192e-06,True,True,True
F1q,magnetic,Ni,Ni,114263,113883,,d1918cee507e1abd05a7cf757066ac3ae9e1fdf1b9948a9ef45a5d76d0750bbd,[28],1,2,False,3,nspin2_lmax3_soc0,False,False,False,9.6019e-06,True,True,True
F1q,magnetic,Co,Co2,114587,113896,,3511c246fd5cd95cacfe12cdd4090065b8f70d2f55f793888962e5e51313036a,"[27, 27]",2,2,False,3,nspin2_lmax3_soc0,False,False,False,7.8012e-06,True,True,True
F2d,simple_metals,Ag,Ag,116378,115246,,7af979e80271beefc5158d56fd0ddd63f873dc752c98d7b4366c1d84c9be5ba1,[47],1,1,False,3,nspin1_lmax3_soc0,False,False,False,4.7665e-06,True,,True
F2d,simple_metals,Ag,Ag,116329,115257,,764639c7c306cf7336fcd2fa3fadd0d5112177ae40aeb314e9bee6e2129f4622,[47],1,1,False,3,nspin1_lmax3_soc0,False,False,False,4.7665e-06,True,,True
F2d,simple_metals,Ag,Ag,116532,115264,,5b8bdb57f72fa0320136cfc62decff1ff443ece40450dd17fa860b3f2a32da26,[47],1,1,False,3,nspin1_lmax3_soc0,False,False,False,4.7665e-06,True,,True
F2d,simple_metals,Al,Al,116436,115192,,5622fa1b5939e8798ce440f23a26dd90c57198c7b78ac46dba532034b385d5d4,[13],1,1,False,2,nspin1_lmax2_soc0,False,False,False,9.5611e-06,True,,True
F2d,simple_metals,Al,Al,116457,115199,,6bd6cd28aef4fcbb68eb9803332b302d6b05ebbf349d9c7cd9fb1017c32db648,[13],1,1,False,2,nspin1_lmax2_soc0,False,False,False,9.5611e-06,True,,True
F2d,simple_metals,Al,Al,116401,115208,,6efa47da7fcb6566a66a1641eac931ceacf9d1b9e043e9e7f20b2ee3700d1e06,[13],1,1,False,2,nspin1_lmax2_soc0,False,False,False,9.5611e-06,True,,True
F2d,heavy_soc,Au,Au,116800,115298,,546e97df6c2b0ddc6d5a5a8a54ad0435126374877a55aa8f015bdb153dc53a51,[79],1,2,True,3,nspin2_lmax3_soc1,False,False,False,1.4511e-06,True,,True
F2d,heavy_soc,Au,Au,116809,115306,,a56994bab9915c9a82ef608cf798fe097642418be4d863bf729887f5fbb0e6ff,[79],1,2,True,3,nspin2_lmax3_soc1,False,False,False,1.4511e-06,True,,True
F2d,heavy_soc,Au,Au,116819,115316,,6bc1ec5cf15474038d41c5de3a64a431bba47a7cbf2ae14a3806d587b3b41254,[79],1,2,True,3,nspin2_lmax3_soc1,False,False,False,1.4511e-06,True,,True
F2d,magnetic,Co,Co2,117119,115501,,58785623e113764e42aa6ef2515d93f29e48cae4d1765f331d348383dab951a7,"[27, 27]",2,2,False,3,nspin2_lmax3_soc0,False,False,False,1.1287e-06,True,,True
F2d,simple_metals,Cu,Cu,116412,115220,,7741cea71356187f7c1093ad646cf9f8b25ca08c90fe22e71809d85c0f1a5b27,[29],1,1,False,3,nspin1_lmax3_soc0,False,False,False,5.9847e-06,True,,True
F2d,simple_metals,Cu,Cu,116320,115229,,8456e034630a0f6ecbb0a97a6ada00bb147ceb232b56f048f8356f66e28931d2,[29],1,1,False,3,nspin1_lmax3_soc0,False,False,False,5.9847e-06,True,,True
F2d,simple_metals,Cu,Cu,116337,115238,,12e31e085f41bacd9eae2683d09c4b68fdb655665e43036889b81f8f809f2eec,[29],1,1,False,3,nspin1_lmax3_soc0,False,False,False,5.9847e-06,True,,True
F2d,magnetic,Fe,Fe,116606,115426,,ea382d7500548280bd6cffa4715de31bb6aa3c3990b0e5b356340b8e308c57ef,[26],1,2,False,3,nspin2_lmax3_soc0,False,False,False,7.0582e-06,True,,True
F2d,magnetic,Fe,Fe,116637,115435,,11f2b98b4eaa45d69201bb381dab045a9c224970799f2a64dd80a0bb70125283,[26],1,2,False,3,nspin2_lmax3_soc0,False,False,False,7.0582e-06,True,,True
F2d,magnetic,Fe,Fe,116592,115446,,c6313f04324290081efaa475bd7c903ccf06e62f1326eb1fe67f0657f61a1fbc,[26],1,2,False,3,nspin2_lmax3_soc0,False,False,False,7.0582e-06,True,,True
F2d,simple_metals,Mo,Mo,116504,115270,,c08508a4d1ab2ef582a4416562fdca3e940e79ee3ca1abf8f64175c80c00290b,[42],1,1,False,3,nspin1_lmax3_soc0,False,False,False,2.259e-06,True,,True
F2d,simple_metals,Mo,Mo,116416,115280,,c9bef0206cfdb3d7fd3b54aa3bcffe82032368cabda3fb12e8a34b51af9cefa3,[42],1,1,False,3,nspin1_lmax3_soc0,False,False,False,2.259e-06,True,,True
F2d,simple_metals,Mo,Mo,116487,115289,,97120fc27c79b930eb6d58a04ca75a99c7b8c4249ceb06b22adce0e0b1ea21bf,[42],1,1,False,3,nspin1_lmax3_soc0,False,False,False,2.259e-06,True,,True
F2d,simple_metals,Nb,Nb,116346,115177,,93ef61898dd3426a047b441d5b1e672097d742addc45d7c1fc05739e7963828d,[41],1,1,False,3,nspin1_lmax3_soc0,False,False,False,9.8015e-06,True,,True
F2d,simple_metals,Nb,Nb,116361,115180,,f67d266c9e6baa5165dc5437f1fed835f020a64b7fc1ea7304901cbd70b5a448,[41],1,1,False,3,nspin1_lmax3_soc0,False,False,False,9.8015e-06,True,,True
F2d,simple_metals,Nb,Nb,116384,115185,,5ef36af138597d19bded08fe462b1b359ea9740b2081af1fd2dde7101a103383,[41],1,1,False,3,nspin1_lmax3_soc0,False,False,False,9.8015e-06,True,,True
F2d,magnetic,Ni,Ni,116546,115461,,71d51fed9f498bb1774f6cd42719fba126ba66ae6370e2afef9f8279ffbf0401,[28],1,2,False,3,nspin2_lmax3_soc0,False,False,False,9.6019e-06,True,,True
F2d,magnetic,Ni,Ni,116574,115467,,3fc3d1938da4bdacea46048736a423faf98dfcb195c69e980f3cfbaeae760877,[28],1,2,False,3,nspin2_lmax3_soc0,False,False,False,9.6019e-06,True,,True
F2d,magnetic,Ni,Ni,116596,115476,,e5bfddc1ca17e9d8f62ed3fd435b41e27d85a48188e9b87e745d904ed3854523,[28],1,2,False,3,nspin2_lmax3_soc0,False,False,False,9.6019e-06,True,,True
F2d,heavy_soc,Pb,Pb,116943,115401,,38c0203f38673a44c65647288df6ac703876ed28b1b7a8180ee8da56181c4b83,[82],1,2,True,3,nspin2_lmax3_soc1,False,False,False,4.2731e-06,True,,True
F2d,heavy_soc,Pb,Pb,116868,115409,,1fc383ac506f5693ac0d16bab2e43fc2102d20d517a777cdfaa911ee35512457,[82],1,2,True,3,nspin2_lmax3_soc1,False,False,False,4.2731e-06,True,,True
F2d,heavy_soc,Pb,Pb,116860,115418,,2f0df090cd65a24b2308a248c25e1b24ae76d88a0932b46e4b69176b965c21ff,[82],1,2,True,3,nspin2_lmax3_soc1,False,False,False,4.2731e-06,True,,True
F2d,heavy_soc,Pt,Pt,116886,115353,,4d495cea4b706679b761cd4f6a4176545cde7e82184a2713f757cb9db7cc5f36,[78],1,2,True,3,nspin2_lmax3_soc1,False,False,False,9.2306e-06,True,,True
F2d,heavy_soc,Pt,Pt,116900,115368,,29461967021c8619ed54165839957f17dd3152114c094975ea228ca8c80e7b08,[78],1,2,True,3,nspin2_lmax3_soc1,False,False,False,9.2306e-06,True,,True
F2d,heavy_soc,Sb,Sb2,117061,115378,,36eb45adc15970cca6121933f7022ec9e0177e3f59333e7680aca9cb12b52005,"[51, 51]",2,2,True,3,nspin2_lmax3_soc1,False,False,False,1.6025e-06,True,,True
F2d,heavy_soc,Sb,Sb2,117043,115387,,e1e2002d49490d97b15f44612f0721cf259258d7f7d11b00153d3492658a82d7,"[51, 51]",2,2,True,3,nspin2_lmax3_soc1,False,False,False,1.6025e-06,True,,True
F2d,heavy_soc,Sb,Sb2,117052,115396,,2b5a3a8345f271959efb206011860988d2e453304841a71b2a08a7f478b3f9f6,"[51, 51]",2,2,True,3,nspin2_lmax3_soc1,False,False,False,1.6025e-06,True,,True
F2d,heavy_soc,W,W,116985,115323,,352860fbdf1e204d496e542140524ae5bb7ef30f5608dfc478bb4a4951877932,[74],1,2,True,3,nspin2_lmax3_soc1,False,False,False,9.6562e-06,True,,True
F2d,heavy_soc,W,W,116921,115334,,bb6d92f32de2a88243a3bbdedc53cb7a29152769b534fa9ca5ea7c6bed440b5c,[74],1,2,True,3,nspin2_lmax3_soc1,False,False,False,9.6562e-06,True,,True
F2d,heavy_soc,W,W,116913,115343,,5ee1178c8ff17cea744d6cf14bdcac4602323b2e558e8f8a58510111eb4c43e6,[74],1,2,True,3,nspin2_lmax3_soc1,False,False,False,9.6562e-06,True,,True
G,covalent_emptysphere,Si,Si2X2,120066,119886,,0f3913cc1b1ab178a0fc471ff8f0dd1dc7a0c98ae650db8e6e75d6f2529ae3c0,"[14, 14, 0, 0]",4,1,False,2,nspin1_lmax2_soc0_emptysphere,True,False,False,7.9382e-06,True,True,True
G,covalent_emptysphere,Si,Si2X2,120074,119890,,516cb5bf448338748b011c2af9ea018f926e8aba6fcff0f766d4a1b58508b3fa,"[14, 14, 0, 0]",4,1,False,2,nspin1_lmax2_soc0_emptysphere,True,False,False,7.9382e-06,True,True,True
G,covalent_emptysphere,Ge,Ge2X2,120085,119899,,b42ccd6e89b58f659e4a1e6a1867e12e262a0b3db32f08e6762c0a1c1a920d3b,"[32, 32, 0, 0]",4,1,False,2,nspin1_lmax2_soc0_emptysphere,True,False,False,9.699e-06,True,True,True
G,covalent_emptysphere,Ge,Ge2X2,120058,119907,,8fe7b1bb19cfe57e24ec3ecbfaf16a842ecaba20be3a7409494111ed64a34862,"[32, 32, 0, 0]",4,1,False,2,nspin1_lmax2_soc0_emptysphere,True,False,False,9.699e-06,True,True,True
I,ordered_intermetallic,CuZn,CuZn,120626,120388,,a443347ff1e30d7e3d1e9fde9e7d81c86ffd784755e723d38a6d9fc8b3d77187,"[30, 29]",2,1,False,3,nspin1_lmax3_soc0,False,False,False,9.3644e-06,True,,True
I,ordered_intermetallic,CuZn,CuZn,120618,120392,,1bb5152842e4c37d13f095518a7f7d6ecc896d080e4f9b5d7023f17d1c48fb2d,"[30, 29]",2,1,False,3,nspin1_lmax3_soc0,False,False,False,9.3644e-06,True,,True
I,ordered_intermetallic,FeAl,AlFe,120644,120426,,46155795fc507eacc37413b15e02aa505ddab34b8489fe7734bd8e2d8fcdd748,"[13, 26]",2,2,False,3,nspin2_lmax3_soc0,False,False,False,6.1784e-06,True,,True
I,ordered_intermetallic,FeAl,AlFe,120636,120440,,cb5b73c6452527fd5699ed976d9c0b33120b7bd58d258ba842f12bb248a5abd6,"[13, 26]",2,2,False,3,nspin2_lmax3_soc0,False,False,False,6.1784e-06,True,,True
I,ordered_intermetallic,Ni3Al,AlNi3,120707,120402,,6b598f9c0deeac8041f90c8df684194b07c58d782ba6486043086155938b074e,"[13, 28, 28, 28]",4,2,False,3,nspin2_lmax3_soc0,False,False,False,3.6169e-06,True,,True
I,ordered_intermetallic,Ni3Al,AlNi3,120716,120414,,24882aec97180e80da38be359ca9fee14076744b302a5e772dcf77fdebd9969b,"[13, 28, 28, 28]",4,2,False,3,nspin2_lmax3_soc0,False,False,False,3.6169e-06,True,,True
R,metallic_layered_chalcogenide,TiSe2,Se2Ti,121768,121693,,f2568fe88d21ca0479f9cf74731bca1bdaef8ccc3d7c4a6b5d02fe678c7e4167,"[22, 34, 34]",3,,False,,nspin1_lmax3_soc0_layered,False,False,False,2.1178e-06,True,True,True
R,metallic_layered_chalcogenide,TiSe2,Se2Ti,121872,121850,,07813af15159cbdba3b4efd8dd17dd2e72bb2f74897614d1e3f986ef54572901,"[22, 34, 34]",3,,False,,nspin1_lmax3_soc0_layered,False,False,False,4.1778e-07,True,True,True
J,ionic_rocksalt,MgO,MgO,122201,122123,,917b3bea0e6511c7a4bfa767ba06fd095f7b2c4fdb5b3eab11a11d22f7036e95,"[12, 8]",2,1,False,2,nspin1_lmax2_soc0,False,False,False,4.8203e-07,True,True,True
T,ionic_rocksalt,MgO,MgO,122342,122217,,1858f32c7b4360961bf343a9ed865b2308ca613edf5dc608d2a1a413f1deb3a8,"[12, 8]",2,1,False,2,nspin1_lmax2_soc0,False,False,False,3.956e-06,True,True,True
T,ionic_rocksalt,NaCl,ClNa,122350,122227,,68ccf55e5ea22255156751cf60bbd3338d93cf611fc9a9048fea39ecfc5454e9,"[11, 17]",2,1,False,2,nspin1_lmax2_soc0,False,False,False,1.1784e-06,True,True,True
T,ionic_rocksalt,NaCl,ClNa,122457,122222,,cb742fd6cb1753b2b03f89aec738201fe49ea55713579545c1a964ea9f4cd1f3,"[11, 17]",2,1,False,2,nspin1_lmax2_soc0,False,False,False,1.5589e-07,True,True,True
